1001,3.99011e-12,0.000286257,-3.2408e-13,3.54884e-05,-9.75079e-13,1.54024e-05
1002,3.94459e-12,0.00030718,1.15343e-12,3.61989e-05,-9.69736e-13,1.54263e-05
1003,3.82619e-12,0.000363022,5.02052e-12,3.80901e-05,-9.36019e-13,1.54788e-05
1004,3.71465e-12,0.000420326,8.68052e-12,3.89919e-05,-8.8159e-13,1.54888e-05
1005,3.61096e-12,0.000477589,1.20963e-11,3.98887e-05,-8.1426e-13,1.5482e-05
1006,3.51637e-12,0.000534744,1.52166e-11,4.07808e-05,-7.34186e-13,1.54587e-05
1007,3.43226e-12,0.000593465,1.79821e-11,4.04834e-05,-6.45956e-13,1.53883e-05
1008,3.35849e-12,0.000651947,2.03868e-11,4.01817e-05,-5.54277e-13,1.53007e-05
1009,3.29521e-12,0.000710117,2.24176e-11,3.98762e-05,-4.59441e-13,1.51962e-05
1010,3.24275e-12,0.000769501,2.40583e-11,3.84801e-05,-3.64018e-13,1.50478e-05
1011,3.20029e-12,0.000828432,2.53205e-11,3.70811e-05,-2.70635e-13,1.48821e-05
1012,3.16757e-12,0.000886834,2.6213e-11,3.56797e-05,-1.79672e-13,1.46994e-05
1013,3.14416e-12,0.000946064,2.67451e-11,3.33026e-05,-9.23296e-14,1.44764e-05
1014,3.12931e-12,0.00100462,2.69368e-11,3.09244e-05,-9.90072e-15,1.42361e-05
1015,3.12223e-12,0.00106242,2.68086e-11,2.85458e-05,6.72344e-14,1.39791e-05
1016,3.12241e-12,0.0011207,2.6383e-11,2.52836e-05,1.38716e-13,1.3685e-05
1017,3.12906e-12,0.00117807,2.5683e-11,2.20225e-05,2.04141e-13,1.3374e-05
1018,3.14133e-12,0.00123447,2.47336e-11,1.87635e-05,2.63156e-13,1.30468e-05
1019,3.15877e-12,0.00129102,2.35626e-11,1.46908e-05,3.15873e-13,1.26851e-05
1020,3.18048e-12,0.00134645,2.21927e-11,1.0622e-05,3.62411e-13,1.23074e-05
1021,3.20581e-12,0.00140068,2.06494e-11,6.55797e-06,4.02463e-13,1.19143e-05
1022,3.23421e-12,0.00145477,1.89612e-11,1.73398e-06,4.36407e-13,1.14891e-05
1023,3.26506e-12,0.00150753,1.71485e-11,-3.08309e-06,4.64641e-13,1.10489e-05
1024,3.29761e-12,0.00155888,1.52347e-11,-7.89213e-06,4.86903e-13,1.05943e-05
1025,3.33152e-12,0.00160982,1.32464e-11,-1.34189e-05,5.03713e-13,1.01102e-05
1026,3.36616e-12,0.00165923,1.12008e-11,-1.89352e-05,5.1555e-13,9.61223e-06
1027,3.40118e-12,0.00170702,9.11856e-12,-2.444e-05,5.22231e-13,9.10121e-06
1028,3.43611e-12,0.00175418,7.02215e-12,-3.06278e-05,5.2427e-13,8.56308e-06
1029,3.47051e-12,0.0017996,4.92624e-12,-3.68014e-05,5.22171e-13,8.01259e-06
1030,3.50405e-12,0.00184322,2.84803e-12,-4.29596e-05,5.1588e-13,7.45061e-06
1031,3.53632e-12,0.00188598,8.05195e-13,-4.97709e-05,5.0578e-13,6.86401e-06
1032,3.56727e-12,0.00192683,-1.18976e-12,-5.65639e-05,4.92314e-13,6.26676e-06
1033,3.59635e-12,0.00196571,-3.12343e-12,-6.33374e-05,4.75476e-13,5.65974e-06
1034,3.62342e-12,0.00200353,-4.98149e-12,-7.07369e-05,4.556e-13,5.03074e-06
1035,3.64829e-12,0.00203927,-6.75379e-12,-7.81138e-05,4.32957e-13,4.39293e-06
1036,3.67075e-12,0.0020729,-8.42895e-12,-8.54666e-05,4.0763e-13,3.7473e-06
1037,3.69051e-12,0.00210528,-9.99653e-12,-9.34179e-05,3.79929e-13,3.08241e-06
1038,3.70764e-12,0.00213545,-1.14478e-11,-0.000101342,3.50076e-13,2.41074e-06
1039,3.72192e-12,0.00216336,-1.27748e-11,-0.000109237,3.18274e-13,1.7333e-06
1040,3.73307e-12,0.00218988,-1.39698e-11,-0.000117707,2.84702e-13,1.03939e-06
1041,3.74129e-12,0.00221406,-1.50263e-11,-0.000126144,2.4953e-13,3.40748e-07
1042,3.74652e-12,0.00223586,-1.59381e-11,-0.000134548,2.12991e-13,-3.61525e-07
1043,3.74849e-12,0.00225614,-1.67007e-11,-0.000143499,1.75217e-13,-1.07741e-06
1044,3.74744e-12,0.00227399,-1.73087e-11,-0.000152413,1.3635e-13,-1.79588e-06
1045,3.74324e-12,0.00228937,-1.77587e-11,-0.000161289,9.66471e-14,-2.51581e-06
1046,3.73591e-12,0.00230312,-1.80476e-11,-0.000170679,5.62911e-14,-3.24641e-06
1047,3.7256e-12,0.00231436,-1.8173e-11,-0.000180027,1.54798e-14,-3.97741e-06
1048,3.71224e-12,0.00232307,-1.81341e-11,-0.000189332,-2.55271e-14,-4.70762e-06
1049,3.69592e-12,0.00233006,-1.79301e-11,-0.00019912,-6.65155e-14,-5.44555e-06
1050,3.67666e-12,0.0023345,-1.75617e-11,-0.000208862,-1.07346e-13,-6.18165e-06
1051,3.65469e-12,0.00233637,-1.70302e-11,-0.000218554,-1.47764e-13,-6.91471e-06
1052,3.62998e-12,0.00233646,-1.63374e-11,-0.0002287,-1.87639e-13,-7.65254e-06
1053,3.60272e-12,0.00233397,-1.54858e-11,-0.000238794,-2.26828e-13,-8.38629e-06
1054,3.57299e-12,0.00232891,-1.44787e-11,-0.000248834,-2.65116e-13,-9.11469e-06
1055,3.54086e-12,0.00232202,-1.33199e-11,-0.000259298,-3.0239e-13,-9.84499e-06
1056,3.50652e-12,0.00231257,-1.20139e-11,-0.000269704,-3.38561e-13,-1.05689e-05
1057,3.47011e-12,0.00230054,-1.05655e-11,-0.000280051,-3.73459e-13,-1.12852e-05
1058,3.43169e-12,0.00228668,-8.97975e-12,-0.000290792,-4.0703e-13,-1.20006e-05
1059,3.39147e-12,0.00227029,-7.26229e-12,-0.000301471,-4.39244e-13,-1.27074e-05
1060,3.34958e-12,0.00225135,-5.41913e-12,-0.000312084,-4.69955e-13,-1.34043e-05
1061,3.3061e-12,0.00223059,-3.45585e-12,-0.000323061,-4.99059e-13,-1.40975e-05
1062,3.2612e-12,0.00220734,-1.37964e-12,-0.00033397,-5.26497e-13,-1.47799e-05
1063,3.21506e-12,0.00218162,8.02777e-13,-0.000344808,-5.52205e-13,-1.54504e-05
1064,3.16775e-12,0.0021541,3.08443e-12,-0.000355982,-5.7603e-13,-1.61145e-05
1065,3.11946e-12,0.00212418,5.45725e-12,-0.000367082,-5.97955e-13,-1.67659e-05
1066,3.07042e-12,0.00209186,7.91326e-12,-0.000378107,-6.17981e-13,-1.74033e-05
1067,3.02064e-12,0.00205782,1.0446e-11,-0.000389437,-6.36007e-13,-1.8032e-05
1068,2.97029e-12,0.00202146,1.30458e-11,-0.000400687,-6.51957e-13,-1.8646e-05
1069,2.91962e-12,0.00198284,1.57045e-11,-0.000411856,-6.65954e-13,-1.92443e-05
1070,2.86854e-12,0.00194256,1.84161e-11,-0.000423295,-6.77816e-13,-1.98315e-05
1071,2.81751e-12,0.00190011,2.1169e-11,-0.000434648,-6.87258e-13,-2.04023e-05
1072,2.76639e-12,0.00185551,2.39542e-11,-0.000445914,-6.94476e-13,-2.09557e-05
1073,2.71543e-12,0.00180937,2.67645e-11,-0.000457417,-6.99301e-13,-2.14958e-05
1074,2.6648e-12,0.0017612,2.95871e-11,-0.00046883,-7.0142e-13,-2.2018e-05
1075,2.61464e-12,0.00171104,3.24121e-11,-0.000480149,-7.01186e-13,-2.25212e-05
1076,2.56498e-12,0.00165946,3.52318e-11,-0.000491675,-6.98296e-13,-2.30092e-05
1077,2.51605e-12,0.00160602,3.80324e-11,-0.000503104,-6.92612e-13,-2.34779e-05
1078,2.46789e-12,0.00155075,4.08037e-11,-0.000514435,-6.84594e-13,-2.39261e-05
1079,2.42067e-12,0.0014942,4.35393e-11,-0.000525942,-6.74149e-13,-2.43575e-05
1080,2.37449e-12,0.00143596,4.62254e-11,-0.000537348,-6.61046e-13,-2.47682e-05
1081,2.32949e-12,0.00137608,4.88526e-11,-0.000548651,-6.45874e-13,-2.51574e-05
1082,2.28568e-12,0.00131508,5.14156e-11,-0.000560101,-6.28575e-13,-2.55281e-05
1083,2.24313e-12,0.00125256,5.39024e-11,-0.000571444,-6.09003e-13,-2.58772e-05
1084,2.2019e-12,0.0011886,5.63052e-11,-0.000582679,-5.87842e-13,-2.62037e-05
1085,2.16199e-12,0.00112368,5.86209e-11,-0.000594033,-5.64843e-13,-2.65105e-05
1086,2.12359e-12,0.00105743,6.08377e-11,-0.000605274,-5.39889e-13,-2.67949e-05
1087,2.08674e-12,0.000989945,6.29495e-11,-0.000616402,-5.13806e-13,-2.70559e-05
1088,2.05121e-12,0.000921667,6.49557e-11,-0.000627624,-4.86475e-13,-2.72963e-05
1089,2.01722e-12,0.000852286,6.68464e-11,-0.000638729,-4.57729e-13,-2.75137e-05
1090,1.9848e-12,0.000781871,6.86177e-11,-0.000649716,-4.28463e-13,-2.77074e-05
1091,1.95372e-12,0.000710863,7.02721e-11,-0.000660768,-3.98559e-13,-2.78798e-05
1092,1.9241e-12,0.000638972,7.1802e-11,-0.000671699,-3.67874e-13,-2.80289e-05
1093,1.896e-12,0.000566284,7.32057e-11,-0.000682506,-3.37363e-13,-2.8154e-05
1094,1.8692e-12,0.000493186,7.44893e-11,-0.000693345,-3.06752e-13,-2.82574e-05
1095,1.84381e-12,0.000419446,7.56459e-11,-0.000704057,-2.75681e-13,-2.83374e-05
1096,1.81975e-12,0.000345144,7.66757e-11,-0.000714641,-2.45158e-13,-2.83935e-05
1097,1.7969e-12,0.000270624,7.75859e-11,-0.000725228,-2.14854e-13,-2.84276e-05
1098,1.77527e-12,0.000195696,7.83709e-11,-0.000735683,-1.84402e-13,-2.84384e-05
1099,1.75485e-12,0.000120439,7.90323e-11,-0.000746005,-1.54823e-13,-2.84255e-05
1100,1.73553e-12,4.51681e-05,7.95786e-11,-0.000756305,-1.25781e-13,-2.83906e-05
1101,1.71721e-12,-3.02889e-05,8.00051e-11,-0.000766468,-9.68559e-14,-2.83327e-05
1102,1.69996e-12,-0.000105849,8.03144e-11,-0.000776493,-6.90838e-14,-2.82515e-05
1103,1.68354e-12,-0.00018123,8.05165e-11,-0.000786472,-4.21523e-14,-2.81485e-05
1104,1.66811e-12,-0.000256569,8.06079e-11,-0.00079631,-1.56087e-14,-2.8023e-05
1105,1.65337e-12,-0.000331793,8.05922e-11,-0.000806006,9.5015e-15,-2.78748e-05
1106,1.6394e-12,-0.000406652,8.04802e-11,-0.000815634,3.3515e-14,-2.77052e-05
1107,1.62612e-12,-0.000481266,8.02698e-11,-0.000825117,5.6859e-14,-2.75139e-05
1108,1.61344e-12,-0.000555556,7.99655e-11,-0.000834453,7.8443e-14,-2.73005e-05
1109,1.60127e-12,-0.000629307,7.95799e-11,-0.000843699,9.8661e-14,-2.70666e-05
1110,1.58955e-12,-0.00070261,7.91114e-11,-0.000852795,1.1806e-13,-2.68117e-05
1111,1.57836e-12,-0.000775381,7.8565e-11,-0.000861741,1.35605e-13,-2.65356e-05
1112,1.56736e-12,-0.000847445,7.79534e-11,-0.000870579,1.51685e-13,-2.624e-05
1113,1.55667e-12,-0.000918853,7.72758e-11,-0.000879264,1.66695e-13,-2.59244e-05
1114,1.54627e-12,-0.000989537,7.65384e-11,-0.000887795,1.79594e-13,-2.5589e-05
1115,1.5359e-12,-0.00105935,7.5755e-11,-0.000896195,1.90768e-13,-2.52349e-05
1116,1.52569e-12,-0.00112829,7.49255e-11,-0.000904439,2.00635e-13,-2.48623e-05
1117,1.51556e-12,-0.00119632,7.40575e-11,-0.000912525,2.0814e-13,-2.44709e-05
1118,1.5054e-12,-0.00126331,7.31656e-11,-0.000920452,2.13934e-13,-2.40622e-05
1119,1.49526e-12,-0.00132924,7.22491e-11,-0.00092822,2.18538e-13,-2.36361e-05
1120,1.48503e-12,-0.00139408,7.13147e-11,-0.000935827,2.20963e-13,-2.31927e-05
1121,1.47459e-12,-0.00145772,7.03765e-11,-0.000943253,2.21735e-13,-2.27332e-05
1122,1.46404e-12,-0.00152015,6.94337e-11,-0.000950516,2.21476e-13,-2.22577e-05
1123,1.45338e-12,-0.00158129,6.84922e-11,-0.000957615,2.19228e-13,-2.17663e-05
1124,1.44242e-12,-0.00164111,6.75649e-11,-0.000964515,2.15605e-13,-2.12602e-05
1125,1.43135e-12,-0.00169956,6.66503e-11,-0.000971248,2.11185e-13,-2.07394e-05
1126,1.42005e-12,-0.00175657,6.57533e-11,-0.000977815,2.05041e-13,-2.02044e-05
1127,1.40845e-12,-0.00181215,6.48856e-11,-0.000984164,1.97772e-13,-1.96558e-05
1128,1.39659e-12,-0.00186621,6.40444e-11,-0.000990344,1.89977e-13,-1.90942e-05
1129,1.38456e-12,-0.0019187,6.32339e-11,-0.000996354,1.80777e-13,-1.85198e-05
1130,1.37213e-12,-0.00196967,6.24644e-11,-0.00100213,1.70756e-13,-1.79333e-05
1131,1.35952e-12,-0.00201899,6.1732e-11,-0.00100774,1.60528e-13,-1.73352e-05
1132,1.34663e-12,-0.00206661,6.10393e-11,-0.00101317,1.49256e-13,-1.67259e-05
1133,1.33341e-12,-0.00211262,6.03949e-11,-0.00101835,1.37599e-13,-1.61059e-05
1134,1.31999e-12,-0.00215689,5.97935e-11,-0.00102336,1.26158e-13,-1.54758e-05
1135,1.30638e-12,-0.00219936,5.9236e-11,-0.00102819,1.1417e-13,-1.48359e-05
1136,1.29243e-12,-0.00224014,5.87285e-11,-0.00103276,1.02105e-13,-1.41869e-05
1137,1.27829e-12,-0.00227907,5.82652e-11,-0.00103715,9.04927e-14,-1.35292e-05
1138,1.26392e-12,-0.00231612,5.7846e-11,-0.00104136,7.85798e-14,-1.28633e-05
1139,1.24935e-12,-0.0023514,5.74758e-11,-0.0010453,6.67692e-14,-1.21896e-05
1140,1.23464e-12,-0.00238476,5.71489e-11,-0.00104905,5.55173e-14,-1.15087e-05
1141,1.21974e-12,-0.00241614,5.68644e-11,-0.00105263,4.40926e-14,-1.08209e-05
1142,1.20468e-12,-0.0024457,5.6627e-11,-0.00105591,3.30029e-14,-1.01269e-05
1143,1.18954e-12,-0.00247327,5.64294e-11,-0.001059,2.27572e-14,-9.42687e-06
1144,1.17419e-12,-0.00249878,5.62696e-11,-0.00106192,1.26305e-14,-8.72148e-06
1145,1.15878e-12,-0.00252244,5.61512e-11,-0.00106453,3.04279e-15,-8.01111e-06
1146,1.1433e-12,-0.00254403,5.60664e-11,-0.00106695,-5.53153e-15,-7.29613e-06
1147,1.12768e-12,-0.00256353,5.60125e-11,-0.0010692,-1.38405e-14,-6.57708e-06
1148,1.11204e-12,-0.00258115,5.59925e-11,-0.00107112,-2.1547e-14,-5.85434e-06
1149,1.09636e-12,-0.00259665,5.59986e-11,-0.00107286,-2.82277e-14,-5.12827e-06
1150,1.08057e-12,-0.00261,5.60279e-11,-0.00107442,-3.46537e-14,-4.39942e-06
1151,1.0648e-12,-0.00262147,5.60837e-11,-0.00107564,-4.05025e-14,-3.66813e-06
1152,1.04897e-12,-0.00263079,5.61583e-11,-0.00107669,-4.54205e-14,-2.93474e-06
1153,1.03308e-12,-0.00263795,5.62498e-11,-0.00107756,-5.01965e-14,-2.19983e-06
1154,1.01722e-12,-0.0026432,5.63611e-11,-0.00107809,-5.45103e-14,-1.46371e-06
1155,1.00127e-12,-0.00264628,5.64857e-11,-0.00107843,-5.80399e-14,-7.26707e-07
1156,9.85332e-13,-0.0026472,5.66218e-11,-0.0010786,-6.15636e-14,1.06015e-08
1157,9.69411e-13,-0.00264621,5.67731e-11,-0.00107843,-6.48005e-14,7.47897e-07
1158,9.53432e-13,-0.00264305,5.6934e-11,-0.00107808,-6.74946e-14,1.48486e-06
1159,9.37435e-13,-0.00263774,5.71036e-11,-0.00107754,-7.04225e-14,2.22092e-06
1160,9.21473e-13,-0.0026305,5.72865e-11,-0.00107667,-7.33863e-14,2.95574e-06
1161,9.05505e-13,-0.00262112,5.74786e-11,-0.00107562,-7.62097e-14,3.68901e-06
1162,8.89534e-13,-0.00260959,5.76813e-11,-0.00107439,-7.96743e-14,4.42016e-06
1163,8.73634e-13,-0.00259617,5.79001e-11,-0.00107282,-8.35491e-14,5.14884e-06
1164,8.57677e-13,-0.00258062,5.81329e-11,-0.00107108,-8.76086e-14,5.87471e-06
1165,8.41784e-13,-0.00256294,5.83816e-11,-0.00106916,-9.26219e-14,6.59722e-06
1166,8.25897e-13,-0.00254339,5.86542e-11,-0.00106691,-9.82806e-14,7.31602e-06
1167,8.10009e-13,-0.00252175,5.89479e-11,-0.00106448,-1.0424e-13,8.03071e-06
1168,7.94217e-13,-0.00249804,5.92654e-11,-0.00106187,-1.11294e-13,8.74076e-06
1169,7.78456e-13,-0.00247247,5.96154e-11,-0.00105895,-1.18953e-13,9.44581e-06
1170,7.62833e-13,-0.00244486,5.99948e-11,-0.00105585,-1.26783e-13,1.01454e-05
1171,7.47197e-13,-0.00241524,6.04055e-11,-0.00105258,-1.35554e-13,1.08391e-05
1172,7.31757e-13,-0.0023838,6.08555e-11,-0.001049,-1.44707e-13,1.15264e-05
1173,7.16342e-13,-0.00235039,6.13401e-11,-0.00104524,-1.53728e-13,1.22069e-05
1174,7.01096e-13,-0.00231503,6.18605e-11,-0.00104131,-1.63375e-13,1.28801e-05
1175,6.85952e-13,-0.00227792,6.24234e-11,-0.00103708,-1.73027e-13,1.35455e-05
1176,6.70965e-13,-0.00223891,6.30223e-11,-0.00103269,-1.82109e-13,1.42027e-05
1177,6.56182e-13,-0.00219805,6.36561e-11,-0.00102811,-1.91451e-13,1.48512e-05
1178,6.41587e-13,-0.00215549,6.43309e-11,-0.00102327,-2.00312e-13,1.54906e-05
1179,6.2714e-13,-0.00211115,6.50376e-11,-0.00101825,-2.08108e-13,1.61202e-05
1180,6.12783e-13,-0.00206506,6.57734e-11,-0.00101306,-2.15678e-13,1.67396e-05
1181,5.98757e-13,-0.00201735,6.65421e-11,-0.00100762,-2.22417e-13,1.73485e-05
1182,5.84834e-13,-0.00196796,6.73337e-11,-0.00100201,-2.27786e-13,1.79461e-05
1183,5.71145e-13,-0.00191694,6.81442e-11,-0.000996226,-2.32678e-13,1.8532e-05
1184,5.57631e-13,-0.0018644,6.89766e-11,-0.000990212,-2.36514e-13,1.9106e-05
1185,5.44286e-13,-0.00181031,6.98198e-11,-0.000984029,-2.38764e-13,1.9667e-05
1186,5.30998e-13,-0.00175471,7.06692e-11,-0.000977676,-2.40357e-13,2.0215e-05
1187,5.18002e-13,-0.0016977,7.15275e-11,-0.000971109,-2.40759e-13,2.07494e-05
1188,5.05055e-13,-0.00163926,7.23823e-11,-0.000964374,-2.39395e-13,2.12695e-05
1189,4.92171e-13,-0.00157946,7.32288e-11,-0.000957473,-2.37285e-13,2.17749e-05
1190,4.79487e-13,-0.00151834,7.40689e-11,-0.000950375,-2.33947e-13,2.22656e-05
1191,4.66808e-13,-0.00145594,7.48909e-11,-0.000943114,-2.28959e-13,2.27403e-05
1192,4.541e-13,-0.00139233,7.56907e-11,-0.000935689,-2.23342e-13,2.3199e-05
1193,4.41495e-13,-0.00132754,7.64704e-11,-0.000928086,-2.16574e-13,2.36415e-05
1194,4.2885e-13,-0.00126163,7.72187e-11,-0.000920321,-2.08194e-13,2.40667e-05
1195,4.16081e-13,-0.00119467,7.79309e-11,-0.000912397,-1.99218e-13,2.44746e-05
1196,4.03343e-13,-0.00112667,7.86103e-11,-0.000904312,-1.89091e-13,2.4865e-05
1197,3.90382e-13,-0.00105774,7.92448e-11,-0.000896071,-1.77313e-13,2.52368e-05
1198,3.77224e-13,-0.000987924,7.98295e-11,-0.000887672,-1.64932e-13,2.55899e-05
1199,3.63999e-13,-0.000917236,8.03682e-11,-0.000879135,-1.51347e-13,2.59245e-05
1200,3.50453e-13,-0.000845798,8.08479e-11,-0.000870443,-1.36007e-13,2.62392e-05
1201,3.36604e-13,-0.000773697,8.12638e-11,-0.000861599,-1.20007e-13,2.65341e-05
1202,3.22476e-13,-0.00070089,8.1619e-11,-0.00085264,-1.0267e-13,2.68093e-05
1203,3.07936e-13,-0.000627544,8.18998e-11,-0.00084353,-8.33713e-14,2.70636e-05
1204,2.92897e-13,-0.000553751,8.21011e-11,-0.000834271,-6.31922e-14,2.7297e-05
1205,2.77345e-13,-0.000479416,8.22239e-11,-0.000824926,-4.15653e-14,2.75099e-05
1206,2.61189e-13,-0.000404771,8.22557e-11,-0.000815435,-1.80801e-14,2.77008e-05
1207,2.44402e-13,-0.000329889,8.21912e-11,-0.000805799,6.18781e-15,2.787e-05
1208,2.26909e-13,-0.000254652,8.20323e-11,-0.0007961,3.17015e-14,2.80179e-05
1209,2.08626e-13,-0.00017933,8.17674e-11,-0.00078626,5.88345e-14,2.8143e-05
1210,1.89437e-13,-0.000103985,8.13921e-11,-0.000776279,8.64864e-14,2.82455e-05
1211,1.69415e-13,-2.84756e-05,8.09093e-11,-0.000766254,1.15067e-13,2.83262e-05
1212,1.4842e-13,4.69142e-05,8.03089e-11,-0.000756092,1.44853e-13,2.83835e-05
1213,1.26374e-13,0.000122104,7.95886e-11,-0.000745794,1.74749e-13,2.84178e-05
1214,1.03266e-13,0.000197275,7.87524e-11,-0.000735476,2.05003e-13,2.84301e-05
1215,7.90426e-14,0.000272108,7.77935e-11,-0.000725025,2.35762e-13,2.84185e-05
1216,5.36006e-14,0.00034653,7.67122e-11,-0.000714443,2.65951e-13,2.83836e-05
1217,2.70574e-14,0.000420741,7.55151e-11,-0.000703865,2.95829e-13,2.83268e-05
1218,-7.28708e-16,0.000494385,7.41984e-11,-0.000693158,3.25563e-13,2.82459e-05
1219,-2.97836e-14,0.000567402,7.27645e-11,-0.000682325,3.54131e-13,2.81418e-05
1220,-6.00483e-14,0.000640006,7.12227e-11,-0.000671522,3.81867e-13,2.80158e-05
1221,-9.14917e-14,0.000711825,6.9571e-11,-0.000660595,4.08921e-13,2.78659e-05
1222,-1.24255e-13,0.000782775,6.7814e-11,-0.000649546,4.34357e-13,2.76928e-05
1223,-1.58239e-13,0.000853134,6.59624e-11,-0.000638555,4.58515e-13,2.74984e-05
1224,-1.93378e-13,0.000922473,6.40162e-11,-0.000627446,4.81636e-13,2.72804e-05
1225,-2.29661e-13,0.000990723,6.19813e-11,-0.000616219,5.02863e-13,2.70395e-05
1226,-2.67092e-13,0.00105819,5.98692e-11,-0.000605081,5.2258e-13,2.6778e-05
1227,-3.05696e-13,0.0011244,5.76806e-11,-0.000593829,5.41144e-13,2.64933e-05
1228,-3.45263e-13,0.00118932,5.54219e-11,-0.000582465,5.57755e-13,2.61863e-05
1229,-3.86006e-13,0.00125326,5.31042e-11,-0.000571225,5.7264e-13,2.58598e-05
1230,-4.27591e-13,0.00131576,5.07303e-11,-0.000559876,5.8608e-13,2.55107e-05
1231,-4.70229e-13,0.00137673,4.83069e-11,-0.000548421,5.97409e-13,2.51399e-05
1232,-5.13701e-13,0.00143657,4.5846e-11,-0.000537118,6.06843e-13,2.47508e-05
1233,-5.57898e-13,0.00149476,4.33512e-11,-0.000525712,6.14621e-13,2.43401e-05
1234,-6.02782e-13,0.00155124,4.08303e-11,-0.000514205,6.20184e-13,2.39087e-05
1235,-6.48183e-13,0.00160643,3.82947e-11,-0.000502876,6.23693e-13,2.34604e-05
1236,-6.94133e-13,0.0016598,3.57493e-11,-0.000491449,6.2538e-13,2.29916e-05
1237,-7.40408e-13,0.00171128,3.32023e-11,-0.000479926,6.24739e-13,2.25034e-05
1238,-7.86978e-13,0.00176135,3.06653e-11,-0.000468612,6.21807e-13,2.2e-05
1239,-8.33655e-13,0.00180943,2.81452e-11,-0.000457206,6.16677e-13,2.14775e-05
1240,-8.80365e-13,0.00185547,2.56517e-11,-0.000445708,6.08939e-13,2.09371e-05
1241,-9.26935e-13,0.00189997,2.31966e-11,-0.000434449,5.98677e-13,2.03835e-05
1242,-9.73192e-13,0.00194233,2.07885e-11,-0.000423103,5.85993e-13,1.98124e-05
1243,-1.01908e-12,0.00198251,1.84375e-11,-0.000411671,5.70549e-13,1.9225e-05
1244,-1.06434e-12,0.00202106,1.61561e-11,-0.000400508,5.52534e-13,1.86265e-05
1245,-1.10885e-12,0.00205734,1.39527e-11,-0.000389263,5.32091e-13,1.80122e-05
1246,-1.15244e-12,0.00209131,1.18375e-11,-0.000377938,5.08973e-13,1.73834e-05
1247,-1.19498e-12,0.00212356,9.8222e-12,-0.000366913,4.83493e-13,1.67459e-05
1248,-1.23628e-12,0.00215344,7.91427e-12,-0.000355812,4.55814e-13,1.60945e-05
1249,-1.27602e-12,0.0021809,6.12325e-12,-0.000344637,4.25789e-13,1.54305e-05
1250,-1.31432e-12,0.00220658,4.45913e-12,-0.000333794,3.93671e-13,1.47601e-05
1251,-1.35087e-12,0.00222979,2.92805e-12,-0.000322881,3.5982e-13,1.4078e-05
1252,-1.3855e-12,0.00225051,1.53759e-12,-0.000311899,3.24128e-13,1.33851e-05
1253,-1.41829e-12,0.00226942,2.95134e-13,-0.000301286,2.86881e-13,1.26886e-05
1254,-1.44872e-12,0.00228579,-7.94299e-13,-0.000290608,2.48302e-13,1.19823e-05
1255,-1.47693e-12,0.00229961,-1.72523e-12,-0.000279866,2.08341e-13,1.12674e-05
1256,-1.50286e-12,0.0023116,-2.49208e-12,-0.000269523,1.6725e-13,1.05516e-05
1257,-1.52617e-12,0.00232103,-3.09146e-12,-0.00025912,1.25324e-13,9.82822e-06
1258,-1.54665e-12,0.00232788,-3.52009e-12,-0.00024866,8.25886e-14,9.09837e-06
1259,-1.56454e-12,0.0023329,-3.77489e-12,-0.000238625,3.93064e-14,8.3704e-06
1260,-1.57939e-12,0.00233535,-3.85467e-12,-0.000228535,-4.26996e-15,7.63709e-06
1261,-1.59129e-12,0.00233523,-3.75847e-12,-0.000218394,-4.81172e-14,6.89962e-06
1262,-1.60018e-12,0.00233332,-3.48516e-12,-0.000208708,-9.2046e-14,6.167e-06
1263,-1.60589e-12,0.00232885,-3.03511e-12,-0.000198974,-1.3589e-13,5.43131e-06
1264,-1.60841e-12,0.00232184,-2.40876e-12,-0.000189192,-1.79617e-13,4.6938e-06
1265,-1.60776e-12,0.0023131,-1.60675e-12,-0.000179894,-2.22955e-13,3.96403e-06
1266,-1.60377e-12,0.00230184,-6.31495e-13,-0.000170553,-2.65687e-13,3.23353e-06
1267,-1.59652e-12,0.00228807,5.14482e-13,-0.00016117,-3.07803e-13,2.50346e-06
1268,-1.58604e-12,0.00227268,1.82894e-12,-0.0001523,-3.48944e-13,1.78406e-06
1269,-1.57231e-12,0.00225482,3.30629e-12,-0.00014339,-3.88743e-13,1.0662e-06
1270,-1.55538e-12,0.00223454,4.94085e-12,-0.000134444,-4.27236e-13,3.51011e-07
1271,-1.53533e-12,0.00221273,6.72839e-12,-0.000126039,-4.63909e-13,-3.50603e-07
1272,-1.51218e-12,0.00218855,8.65857e-12,-0.000117601,-4.98287e-13,-1.04851e-06
1273,-1.48608e-12,0.00216204,1.07225e-11,-0.00010913,-5.30486e-13,-1.74159e-06
1274,-1.45726e-12,0.00213414,1.29127e-11,-0.00010123,-5.5984e-13,-2.41824e-06
1275,-1.42589e-12,0.00210398,1.52137e-11,-9.33006e-05,-5.85762e-13,-3.08905e-06
1276,-1.39207e-12,0.0020716,1.76121e-11,-8.53443e-05,-6.08436e-13,-3.75302e-06
1277,-1.35623e-12,0.00203799,2.00967e-11,-7.79893e-05,-6.27207e-13,-4.39769e-06
1278,-1.31863e-12,0.00200226,2.26472e-11,-7.06101e-05,-6.41443e-13,-5.03457e-06
1279,-1.27947e-12,0.00196446,2.52463e-11,-6.32084e-05,-6.51457e-13,-5.66264e-06
1280,-1.23937e-12,0.0019256,2.7879e-11,-5.64348e-05,-6.56513e-13,-6.26875e-06
1281,-1.19856e-12,0.00188477,3.05202e-11,-4.96415e-05,-6.55909e-13,-6.86518e-06
1282,-1.15745e-12,0.00184202,3.3148e-11,-4.283e-05,-6.50054e-13,-7.45098e-06
1283,-1.11652e-12,0.00179842,3.57438e-11,-3.66727e-05,-6.38263e-13,-8.01222e-06
1284,-1.0764e-12,0.00175302,3.82787e-11,-3.04998e-05,-6.19838e-13,-8.56205e-06
1285,-1.03759e-12,0.00170589,4.07268e-11,-2.43128e-05,-5.95323e-13,-9.09957e-06
1286,-1.00062e-12,0.00165812,4.30665e-11,-1.88115e-05,-5.64132e-13,-9.60999e-06
1287,-9.6628e-13,0.00160874,4.52659e-11,-1.32985e-05,-5.25751e-13,-1.01074e-05
1288,-9.35195e-13,0.00155783,4.72975e-11,-7.77504e-06,-4.80772e-13,-1.05911e-05
1289,-9.07918e-13,0.00150651,4.91376e-11,-2.97147e-06,-4.28725e-13,-1.10452e-05
1290,-8.85358e-13,0.00145379,5.07531e-11,1.84017e-06,-3.69173e-13,-1.1485e-05
1291,-8.68181e-13,0.00139973,5.21154e-11,6.65878e-06,-3.02777e-13,-1.19097e-05
1292,-8.57059e-13,0.00134553,5.31995e-11,1.0716e-05,-2.29269e-13,-1.23025e-05
1293,-8.52933e-13,0.00129015,5.39736e-11,1.47781e-05,-1.48399e-13,-1.26799e-05
1294,-8.56476e-13,0.00123364,5.4409e-11,1.8844e-05,-6.08579e-14,-1.30413e-05
1295,-8.68536e-13,0.00117729,5.44815e-11,2.20955e-05,3.32521e-14,-1.33681e-05
1296,-8.89936e-13,0.00111996,5.41627e-11,2.5349e-05,1.33852e-13,-1.36788e-05
1297,-9.21491e-13,0.00106173,5.34283e-11,2.86037e-05,2.4023e-13,-1.39727e-05
1298,-9.638e-13,0.00100398,5.2256e-11,3.09744e-05,3.51716e-13,-1.42294e-05
1299,-1.01777e-12,0.000945481,5.0627e-11,3.33447e-05,4.67639e-13,-1.44693e-05
1300,-1.08396e-12,0.000886305,4.8525e-11,3.57139e-05,5.87317e-13,-1.4692e-05
1301,-1.16302e-12,0.000827959,4.59339e-11,3.71073e-05,7.09156e-13,-1.48744e-05
1302,-1.25528e-12,0.000769085,4.28524e-11,3.84983e-05,8.31578e-13,-1.50399e-05
1303,-1.3612e-12,0.00070976,3.92798e-11,3.98864e-05,9.54e-13,-1.5188e-05
1304,-1.48098e-12,0.000651649,3.52113e-11,4.01838e-05,1.07342e-12,-1.52921e-05
1305,-1.61437e-12,0.000593227,3.06757e-11,4.04774e-05,1.18688e-12,-1.53794e-05
1306,-1.76108e-12,0.000534567,2.56976e-11,4.07667e-05,1.29394e-12,-1.54494e-05
1307,-1.92072e-12,0.000477473,2.02937e-11,3.98664e-05,1.38957e-12,-1.54723e-05
1308,-2.09183e-12,0.000420273,1.4539e-11,3.89614e-05,1.46886e-12,-1.54787e-05
1309,-2.27279e-12,0.000363031,8.49954e-12,3.80514e-05,1.53157e-12,-1.54684e-05
1310,-2.46216e-12,0.000307253,2.22616e-12,3.61517e-05,1.56977e-12,-1.54154e-05
1311,-2.53459e-12,0.000286353,-1.57262e-13,3.5438e-05,1.57578e-12,-1.53913e-05
