3.570600000000001550e-02,-2.481131167460981501e-02,3.689900000000001512e-02,-2.286719283805149772e-02,3.689900000000001512e-02,-3.000091207975802421e-02,3.570600000000001550e-02,1.706948508660000030e-02,3.670599999999990537e-02,-1.196695710391502132e-01,3.670599999999990537e-02,-6.123022608920836163e-03,3.670599999999990537e-02,-1.626939308729527855e+00,3.689900000000001512e-02,1.087542646778910438e+00,3.689900000000001512e-02,-1.053431477516343362e+00,3.670599999999990537e-02,1.341255182951039959e-02,3.570600000000001550e-02,3.668986888789940171e-01,3.570600000000001550e-02,1.909622544313095971e-01,3.670599999999990537e-02,-3.950126205449366878e-01,3.689900000000001512e-02,1.404385331837665341e-02,3.689900000000001512e-02,-5.228250224861714646e-01,3.670599999999990537e-02,7.049792751632066867e-02,3.570600000000001550e-02,-2.247654940698490256e-02,3.570600000000001550e-02,1.695750037781040831e-02
3.277845918367347511e-01,-9.318609267051847223e-02,3.269840408163265377e-01,-3.545102476453187990e-02,3.269840408163265377e-01,-1.075240603732773373e-02,3.277845918367347511e-01,2.324328088142363358e-02,3.265595510204080676e-01,-1.672621800373992329e-01,3.265595510204080676e-01,-2.249335466023794083e-03,3.265595510204080676e-01,-2.003344171926393358e+00,3.269840408163265377e-01,1.409174428259082568e+00,3.269840408163265377e-01,-2.093336796496614305e-01,3.265595510204080676e-01,2.338999154802862135e-02,3.277845918367347511e-01,4.365638451267486175e-01,3.277845918367347511e-01,1.512750466415921369e-01,3.265595510204080676e-01,-5.440397245266022086e-01,3.269840408163265377e-01,-1.478808548414489721e-02,3.269840408163265377e-01,-2.220403528821210948e-01,3.265595510204080676e-01,5.934918062832927887e-02,3.277845918367347511e-01,-1.802764263169348569e-02,3.277845918367347511e-01,2.361394127359162098e-02
6.198631836734694867e-01,-1.664019758954223827e-01,6.170690816326530603e-01,-4.870232307938104910e-02,6.170690816326530603e-01,1.281406516546159183e-02,6.198631836734694867e-01,3.063082556900653675e-02,6.164131020408162298e-01,-2.175603563470751567e-01,6.164131020408162298e-01,2.135067533184265010e-03,6.164131020408162298e-01,-2.423460149082812265e+00,6.170690816326530603e-01,1.762115204876511854e+00,6.170690816326530603e-01,8.586236803042475163e-01,6.164131020408162298e-01,3.463952821063928655e-02,6.198631836734694867e-01,5.102193484995136696e-01,6.198631836734694867e-01,1.033305811183213296e-01,6.164131020408162298e-01,-7.066084251581645770e-01,6.170690816326530603e-01,-4.492898640975806490e-02,6.170690816326530603e-01,1.587745322242657409e-01,6.164131020408162298e-01,4.706295111204061854e-02,6.198631836734694867e-01,-1.347619785535592030e-02,6.198631836734694867e-01,3.088916053132551021e-02
9.119417755102041667e-01,-2.442533800994242110e-01,9.071541224489796384e-01,-6.260564919710653875e-02,9.071541224489796384e-01,4.127113585586850847e-02,9.119417755102041667e-01,3.943149479845697858e-02,9.062666530612244475e-01,-2.705132671251244680e-01,9.062666530612244475e-01,7.085263397989538525e-03,9.062666530612244475e-01,-2.888797245342059838e+00,9.071541224489796384e-01,2.146568740172097201e+00,9.071541224489796384e-01,2.184328884133944548e+00,9.062666530612244475e-01,4.698180990055306205e-02,9.119417755102041667e-01,5.877356134481082073e-01,9.119417755102041667e-01,4.669645634454738792e-02,9.062666530612244475e-01,-8.826401958136085302e-01,9.071541224489796384e-01,-7.637086639560086709e-02,9.071541224489796384e-01,6.310603189814210090e-01,9.062666530612244475e-01,3.358138606671490223e-02,9.119417755102041667e-01,-8.827511395026632623e-03,9.119417755102041667e-01,3.882810848993956121e-02
1.204020367346938958e+00,-3.264240815374873650e-01,1.197239163265306106e+00,-7.713795705128978497e-02,1.197239163265306106e+00,7.524071974447908706e-02,1.204020367346938958e+00,4.987457915625181926e-02,1.196120204081632554e+00,-3.260386274284345909e-01,1.196120204081632554e+00,1.266332188919971902e-02,1.196120204081632554e+00,-3.400086838558541658e+00,1.197239163265306106e+00,2.562115591197892783e+00,1.197239163265306106e+00,3.803184925724529375e+00,1.196120204081632554e+00,6.008402410613356004e-02,1.204020367346938958e+00,6.689158742880312314e-01,1.204020367346938958e+00,-1.883658413684691224e-02,1.196120204081632554e+00,-1.071775733255334373e+00,1.197239163265306106e+00,-1.091049742689231827e-01,1.197239163265306106e+00,1.206487345783538112e+00,1.196120204081632554e+00,1.884687145257402108e-02,1.204020367346938958e+00,-4.087566737778380865e-03,1.204020367346938958e+00,4.747863543665631347e-02
1.496098959183673749e+00,-4.124772801015869073e-01,1.487324204081632573e+00,-9.226733786153684669e-02,1.487324204081632573e+00,1.153958248499297456e-01,1.496098959183673749e+00,6.222278644462453379e-02,1.485973755102040661e+00,-3.840187138709465486e-01,1.485973755102040661e+00,1.893944294580296450e-02,1.485973755102040661e+00,-3.957002986083837381e+00,1.487324204081632573e+00,3.007544951903133423e+00,1.487324204081632573e+00,5.750711477684962603e+00,1.485973755102040661e+00,7.340675920377617847e-02,1.496098959183673749e+00,7.534872213113585904e-01,1.496098959183673749e+00,-9.315642650070710129e-02,1.485973755102040661e+00,-1.273320906687453125e+00,1.487324204081632573e+00,-1.431229330111870590e-01,1.487324204081632573e+00,1.896440103351704654e+00,1.485973755102040661e+00,2.802329953243143379e-03,1.496098959183673749e+00,7.369341134167428642e-04,1.496098959183673749e+00,5.689162180254148105e-02
1.788177551020408318e+00,-5.018684707925706867e-01,1.777409244897959262e+00,-1.079513873342312635e-01,1.777409244897959262e+00,1.624606436514224872e-01,1.788177551020408318e+00,7.676835052599534359e-02,1.775827306122448990e+00,-4.442986352521756110e-01,1.775827306122448990e+00,2.599318066916334047e-02,1.775827306122448990e+00,-4.557819810796850390e+00,1.777409244897959262e+00,3.480724936130811464e+00,1.777409244897959262e+00,8.060308949984460014e+00,1.775827306122448990e+00,8.618548491438665637e-02,1.788177551020408318e+00,8.411009656425518788e-01,1.788177551020408318e+00,-1.757632909293430634e-01,1.775827306122448990e+00,-1.486222793839947931e+00,1.777409244897959262e+00,-1.784178941393763651e-01,1.777409244897959262e+00,2.711354748969045936e+00,1.775827306122448990e+00,-1.460890671127690332e-02,1.788177551020408318e+00,5.638568724030290635e-03,1.788177551020408318e+00,6.712107004941358923e-02
2.080256142857143331e+00,-5.939856762823485514e-01,2.067494285714285507e+00,-1.241349493340633270e-01,2.067494285714285507e+00,2.171907129710269335e-01,2.080256142857143331e+00,9.381016672288888802e-02,2.065680857142856652e+00,-5.066898686212275571e-01,2.065680857142856652e+00,3.391427510566347170e-02,2.065680857142856652e+00,-5.199221887853372692e+00,2.067494285714285507e+00,3.978637358731153206e+00,2.067494285714285507e+00,1.076060076791096165e+01,2.065680857142856652e+00,9.752964662848534472e-02,2.080256142857143331e+00,9.313523587902028389e-01,2.080256142857143331e+00,-2.658248668923801628e-01,2.065680857142856652e+00,-1.709112800303386637e+00,2.067494285714285507e+00,-2.149851064434864512e-01,2.067494285714285507e+00,3.660111777122774246e+00,2.065680857142856652e+00,-3.344409618227861536e-02,2.080256142857143331e+00,1.060926174739756922e-02,2.080256142857143331e+00,7.822410253858724793e-02
2.372334734693877678e+00,-6.882006254687806912e-01,2.357579326530612196e+00,-1.407469563024370540e-01,2.357579326530612196e+00,2.802949348265669771e-01,2.372334734693877678e+00,1.136236220980569867e-01,2.355534408163265425e+00,-5.709799712848719899e-01,2.355534408163265425e+00,4.280298360589029905e-02,2.355534408163265425e+00,-5.876525749348768812e+00,2.357579326530612196e+00,4.497565557836528782e+00,2.357579326530612196e+00,1.387345099678975124e+01,2.355534408163265425e+00,1.066063971877230787e-01,2.372334734693877678e+00,1.023813944459080139e+00,2.372334734693877678e+00,-3.623054692555270906e-01,2.355534408163265425e+00,-1.940409867692193924e+00,2.357579326530612196e+00,-2.528215829973136097e-01,2.357579326530612196e+00,4.749724213749802360e+00,2.355534408163265425e+00,-5.376286573054600559e-02,2.372334734693877678e+00,1.564042544584848260e-02,2.372334734693877678e+00,9.026074557382979258e-02
2.664413326530612913e+00,-7.839158836922502926e-01,2.647664367346938885e+00,-1.576973912402845901e-01,2.647664367346938885e+00,3.523309165455300596e-01,2.664413326530612913e+00,1.364413560271856007e-01,2.645387959183673310e+00,-6.369465033636942941e-01,2.645387959183673310e+00,5.277050566601582116e-02,2.645387959183673310e+00,-6.584219465743113453e+00,2.647664367346938885e+00,5.033350783651814098e+00,2.647664367346938885e+00,1.741334306400380427e+01,2.645387959183673310e+00,1.128104161488614476e-01,2.664413326530612913e+00,1.118067655288918605e+00,2.664413326530612913e+00,-4.640411184827956670e-01,2.645387959183673310e+00,-2.178445127481921872e+00,2.647664367346938885e+00,-2.919252107976082478e-01,2.647664367346938885e+00,5.985413124316242950e+00,2.645387959183673310e+00,-7.562928617790753982e-02,2.664413326530612913e+00,2.072313676276127392e-02,2.664413326530612913e+00,1.032934063893911070e-01
2.956491918367347260e+00,-8.805981959479536325e-01,2.937749408163265130e+00,-1.748759119917662197e-01,2.937749408163265130e+00,4.336706774983869472e-01,2.956491918367347260e+00,1.624417264177927533e-01,2.935241510204081195e+00,-7.043716646393307634e-01,2.935241510204081195e+00,6.393908867898834281e-02,2.935241510204081195e+00,-7.316560024463306888e+00,2.937749408163265130e+00,5.581659686754169236e+00,2.937749408163265130e+00,2.138793014712869223e+01,2.935241510204081195e+00,1.157685572452774592e-01,2.956491918367347260e+00,1.213727460401894387e+00,2.956491918367347260e+00,-5.697609267754346618e-01,2.935241510204081195e+00,-2.421575699895534228e+00,2.937749408163265130e+00,-3.322937586379625108e-01,2.937749408163265130e+00,7.370950186588546060e+00,2.935241510204081195e+00,-9.911389982407303734e-02,2.956491918367347260e+00,2.584831799576853273e-02,2.956491918367347260e+00,1.173860573741718483e-01
3.248570510204082495e+00,-9.777963179057993504e-01,3.227834448979591819e+00,-1.921531258089710370e-01,3.227834448979591819e+00,5.245358899170650124e-01,3.248570510204082495e+00,1.917297208456002489e-01,3.225095061224489967e+00,-7.730560076347652299e-01,3.225095061224489967e+00,7.644162432557899400e-02,3.225095061224489967e+00,-8.067996607116242558e+00,3.227834448979591819e+00,6.138238171656737130e+00,3.227834448979591819e+00,2.579982774627632480e+01,3.225095061224489967e+00,1.153568510215727816e-01,3.248570510204082495e+00,1.310456467905586564e+00,3.248570510204082495e+00,-6.781056655545000256e-01,3.225095061224489967e+00,-2.668271389180670639e+00,3.227834448979591819e+00,-3.739239743017442885e-01,3.227834448979591819e+00,8.909047789577105192e+00,3.225095061224489967e+00,-1.242947865718901923e-01,3.248570510204082495e+00,3.100689691622388056e-02,3.248570510204082495e+00,1.326031934799067891e-01
3.540649102040816842e+00,-1.075145176788500745e+00,3.517919489795918508e+00,-2.093850867156721307e-01,3.517919489795918508e+00,6.251177540669881072e-01,3.540649102040816842e+00,2.243050399638892856e-01,3.514948612244897852e+00,-8.428302936276028667e-01,3.514948612244897852e+00,9.042068398185398870e-02,3.514948612244897852e+00,-8.833412832616335919e+00,3.517919489795918508e+00,6.699119364032997126e+00,3.517919489795918508e+00,3.064987924390487350e+01,3.514948612244897852e+00,1.116803708050850830e-01,3.540649102040816842e+00,1.407978697621403263e+00,3.540649102040816842e+00,-7.876827273954730702e-01,3.514948612244897852e+00,-2.917171266502271543e+00,3.517919489795918508e+00,-4.168108731926308819e-01,3.517919489795918508e+00,1.060171136572993333e+01,3.514948612244897852e+00,-1.512573730169228803e-01,3.540649102040816842e+00,3.618994547405290918e-02,3.540649102040816842e+00,1.490086023364809442e-01
3.832727693877551189e+00,-1.172366127694218552e+00,3.808004530612244753e+00,-2.264192236404551917e-01,3.808004530612244753e+00,7.356452898657187545e-01,3.832727693877551189e+00,2.600310633632041402e-01,3.804802163265305737e+00,-9.135652060511749717e-01,3.804802163265305737e+00,1.060271041520628454e-01,3.804802163265305737e+00,-9.608130885807488752e+00,3.808004530612244753e+00,7.260852496153088254e+00,3.808004530612244753e+00,3.593800772805764154e+01,3.804802163265305737e+00,1.051263053020685678e-01,3.832727693877551189e+00,1.506090585189890918e+00,3.832727693877551189e+00,-8.971136926545769663e-01,3.804802163265305737e+00,-3.167117963210099418e+00,3.808004530612244753e+00,-4.609470183027906121e-01,3.808004530612244753e+00,1.245032726886030972e+01,3.804802163265305737e+00,-1.800939394174183583e-01,3.832727693877551189e+00,4.138878417247499053e-02,3.832727693877551189e+00,1.666640801800849392e-01
4.124806285714286425e+00,-1.269257717763191851e+00,4.098089571428570999e+00,-2.430999110103970740e-01,4.098089571428570999e+00,8.563018878715412674e-01,4.124806285714286425e+00,2.986275013069127349e-01,4.094655714285713621e+00,-9.851751181411598779e-01,4.094655714285713621e+00,1.234174439545663304e-01,4.094655714285713621e+00,-1.038790508835929316e+01,4.098089571428570999e+00,7.820749062700802057e+00,4.098089571428570999e+00,4.166300829221567881e+01,4.094655714285713621e+00,9.659493417277620342e-02,4.124806285714286425e+00,1.604664117535611556e+00,4.124806285714286425e+00,-1.005085643598720324e+00,4.094655714285713621e+00,-3.417167561077663507e+00,4.098089571428570999e+00,-5.063215278131995012e-01,4.098089571428570999e+00,1.445540995127952399e+01,4.094655714285713621e+00,-2.109029704119360638e-01,4.124806285714286425e+00,4.659504357464183677e-02,4.124806285714286425e+00,1.856281143060125594e-01
4.416884877551021660e+00,-1.365686678912786167e+00,4.388174612244897688e+00,-2.592737049433275764e-01,4.388174612244897688e+00,9.872114788545461872e-01,4.416884877551021660e+00,3.397079854654153075e-01,4.384509265306122394e+00,-1.057614967893738989e+00,4.384509265306122394e+00,1.427502611720288250e-01,4.384509265306122394e+00,-1.116895025403194275e+01,4.388174612244897688e+00,8.376892943845112072e+00,4.388174612244897688e+00,4.782380141956977582e+01,4.384509265306122394e+00,8.751109503367904274e-02,4.416884877551021660e+00,1.703636142645227780e+00,4.416884877551021660e+00,-1.110542328034897608e+00,4.384509265306122394e+00,-3.666578903962434133e+00,4.388174612244897688e+00,-5.529193290056996224e-01,4.388174612244897688e+00,1.661607938098964965e+01,4.384509265306122394e+00,-2.437880424418286118e-01,4.416884877551021660e+00,5.180069004764709106e-02,4.416884877551021660e+00,2.059545056111942163e-01
4.708963469387756007e+00,-1.461584385561681909e+00,4.678259653061224377e+00,-2.747945202022314959e-01,4.678259653061224377e+00,1.128505892767097230e+00,4.708963469387756007e+00,3.828356793124461088e-01,4.674362816326530279e+00,-1.130874087234996495e+00,4.674362816326530279e+00,1.641818509687670291e-01,4.674362816326530279e+00,-1.194790691787801507e+01,4.678259653061224377e+00,8.928003789301305559e+00,4.678259653061224377e+00,5.441987575572649405e+01,4.674362816326530279e+00,7.966786729643671183e-02,4.708963469387756007e+00,1.802993684702481225e+00,4.708963469387756007e+00,-1.212959979643950970e+00,4.674362816326530279e+00,-3.914794576887102195e+00,4.678259653061224377e+00,-6.007206730404103245e-01,4.678259653061224377e+00,1.892932730721683043e+01,4.674362816326530279e+00,-2.788565369033295660e-01,4.708963469387756007e+00,5.699803385700080716e-02,4.708963469387756007e+00,2.276909918383032139e-01
5.001042061224490354e+00,-1.556941371545733421e+00,4.968344693877551066e+00,-2.895290304964097672e-01,4.968344693877551066e+00,1.280359088298699488e+00,5.001042061224490354e+00,4.275666927054309063e-01,4.964216367346938164e+00,-1.204969690785948622e+00,4.964216367346938164e+00,1.878625346176616695e-01,4.964216367346938164e+00,-1.272167394747283531e+01,4.968344693877551066e+00,9.473344484276704947e+00,4.968344693877551066e+00,6.144811673644249339e+01,4.964216367346938164e+00,7.508366428106205692e-02,5.001042061224490354e+00,1.902763934322732720e+00,5.001042061224490354e+00,-1.312537099434112342e+00,4.964216367346938164e+00,-4.161420954099567027e+00,4.968344693877551066e+00,-6.497007029097034980e-01,4.968344693877551066e+00,2.138922429128935576e+01,4.964216367346938164e+00,-3.162179106728992828e-01,5.001042061224490354e+00,6.217972916534642014e-02,5.001042061224490354e+00,2.508780107412384996e-01
5.293120653061225589e+00,-1.651788436231793167e+00,5.258429734693877755e+00,-3.033609084907920028e-01,5.258429734693877755e+00,1.442858398649508489e+00,5.293120653061225589e+00,4.734689320475382046e-01,5.254069918367346936e+00,-1.279939267010840709e+00,5.254069918367346936e+00,2.139356941242263055e-01,5.254069918367346936e+00,-1.348734434653091085e+01,5.258429734693877755e+00,1.001277474391906352e+01,5.258429734693877755e+00,6.889926728534170763e+01,5.254069918367346936e+00,7.585956543326166646e-02,5.293120653061225589e+00,2.003011374116154819e+00,5.293120653061225589e+00,-1.410059515353095927e+00,5.254069918367346936e+00,-4.406206323602515518e+00,5.258429734693877755e+00,-6.998290808524504358e-01,5.258429734693877755e+00,2.398642652084367199e+01,5.254069918367346936e+00,-3.559802284628497127e-01,5.293120653061225589e+00,6.733876972853086729e-02,5.293120653061225589e+00,2.755477264612320454e-01
5.585199244897959936e+00,-1.746172121444322656e+00,5.548514775510203556e+00,-3.161947992652960338e-01,5.548514775510203556e+00,1.615757008706270037e+00,5.585199244897959936e+00,5.201270144675894658e-01,5.543923469387754821e+00,-1.355832195534948159e+00,5.543923469387754821e+00,2.425385649819457035e-01,5.543923469387754821e+00,-1.424214037867182903e+01,5.548514775510203556e+00,1.054691525121367590e+01,5.548514775510203556e+00,7.675245593613919937e+01,5.543923469387754821e+00,8.402764926668715439e-02,5.585199244897959936e+00,2.103840569590299747e+00,5.585199244897959936e+00,-1.506644321252302854e+00,5.543923469387754821e+00,-4.649019540734913747e+00,5.548514775510203556e+00,-7.510696203551724404e-01,5.548514775510203556e+00,2.670788210170815447e+01,5.543923469387754821e+00,-3.982453249292512432e-01,5.585199244897959936e+00,7.246848297304453457e-02,5.585199244897959936e+00,3.017232066639310428e-01
5.877277836734695171e+00,-1.840132029778255518e+00,5.838599816326530245e+00,-3.279607803295934154e-01,5.838599816326530245e+00,1.798187041362118377e+00,5.877277836734695171e+00,5.671445022193126739e-01,5.833777020408162706e+00,-1.432701422303428451e+00,5.833777020408162706e+00,2.738030373642353910e-01,5.833777020408162706e+00,-1.498324004316389235e+01,5.838599816326530245e+00,1.107735897586798579e+01,5.838599816326530245e+00,8.496665230890496900e+01,5.833777020408162706e+00,1.013854071266323542e-01,5.877277836734695171e+00,2.205401680782988372e+00,5.877277836734695171e+00,-1.603508152844951962e+00,5.833777020408162706e+00,-4.889834274232697453e+00,5.838599816326530245e+00,-8.033798497433997099e-01,5.838599816326530245e+00,2.953658958058441897e+01,5.833777020408162706e+00,-4.431037804097424093e-01,5.877277836734695171e+00,7.756252985898409724e-02,5.877277836734695171e+00,3.294176177740295586e-01
6.169356428571429518e+00,-1.933685692534333977e+00,6.128684857142856934e+00,-3.386170551584886113e-01,6.128684857142856934e+00,1.988363201398794189e+00,6.169356428571429518e+00,6.141462569711992892e-01,6.123630571428571479e+00,-1.510595937672646993e+00,6.123630571428571479e+00,3.078561544971207820e-01,6.123630571428571479e+00,-1.570752769409688199e+01,6.128684857142856934e+00,1.160689156347389073e+01,6.128684857142856934e+00,9.347178808679873896e+01,6.123630571428571479e+00,1.293135441102987171e-01,6.169356428571429518e+00,2.307894570961336989e+00,6.169356428571429518e+00,-1.701769706198505094e+00,6.123630571428571479e+00,-5.128719396430994948e+00,6.128684857142856934e+00,-8.567105394748885105e-01,6.128684857142856934e+00,3.245175996753810921e+01,6.123630571428571479e+00,-4.906300339277982481e-01,6.169356428571429518e+00,8.261489837437735462e-02,6.169356428571429518e+00,3.586334646896713885e-01
6.461435020408164753e+00,-2.026830459111938154e+00,6.418769897959183623e+00,-3.481445445404496297e-01,6.418769897959183623e+00,2.183628506357311760e+00,6.461435020408164753e+00,6.608035941707562921e-01,6.413484122448979363e+00,-1.589553325612622192e+00,6.413484122448979363e+00,3.448188419744877553e-01,6.413484122448979363e+00,-1.641171456524115868e+01,6.418769897959183623e+00,1.213937399600893485e+01,6.418769897959183623e+00,1.021723447967886500e+02,6.413484122448979363e+00,1.686903541454546351e-01,6.461435020408164753e+00,2.411552224790626475e+00,6.461435020408164753e+00,-1.802379142489063835e+00,6.413484122448979363e+00,-5.365834777538054823e+00,6.418769897959183623e+00,-9.110057337153880663e-01,6.418769897959183623e+00,3.543049048420934355e+01,6.413484122448979363e+00,-5.408778943995962152e-01,6.461435020408164753e+00,8.761987159621387189e-02,6.461435020408164753e+00,3.893619339229337228e-01
6.753513612244899100e+00,-2.119561468179954389e+00,6.708854938775510313e+00,-3.565320192231560270e-01,6.708854938775510313e+00,2.380961579073468393e+00,6.753513612244899100e+00,7.068889428226114990e-01,6.703337673469387248e+00,-1.669591796137565698e+00,6.703337673469387248e+00,3.848022438589633332e-01,6.703337673469387248e+00,-1.709307381250797775e+01,6.708854938775510313e+00,1.267917454182393477e+01,6.708854938775510313e+00,1.109676255579890096e+02,6.703337673469387248e+00,2.199473454286774432e-01,6.753513612244899100e+00,2.516604459991574672e+00,6.753513612244899100e+00,-1.906169296336113428e+00,6.703337673469387248e+00,-5.601433638444399676e+00,6.708854938775510313e+00,-9.662034406776467410e-01,6.708854938775510313e+00,3.845137751062095788e+01,6.703337673469387248e+00,-5.938766495695069203e-01,6.753513612244899100e+00,9.257197283966628332e-02,6.753513612244899100e+00,4.215823104945051192e-01
7.045592204081633447e+00,-2.211896282110102696e+00,6.998939979591837002e+00,-3.637582508797079228e-01,6.998939979591837002e+00,2.577551525391326592e+00,7.045592204081633447e+00,7.523385902124042346e-01,6.993191224489796021e+00,-1.750703191102011225e+00,6.993191224489796021e+00,4.279033779130200221e-01,6.993191224489796021e+00,-1.775019501793008914e+01,6.998939979591837002e+00,1.323054340617037461e+01,6.998939979591837002e+00,1.197753638432809851e+02,6.993191224489796021e+00,2.831110951901295580e-01,7.045592204081633447e+00,2.623240295219940510e+00,7.045592204081633447e+00,-2.013925870006754160e+00,6.993191224489796021e+00,-5.835871831992776038e+00,6.998939979591837002e+00,-1.022236310505521439e+00,6.998939979591837002e+00,4.149928764265960979e+01,6.993191224489796021e+00,-6.496273355700314944e-01,7.045592204081633447e+00,9.746590852889841505e-02,7.045592204081633447e+00,4.552614118624385142e-01
7.337670795918368682e+00,-2.303900966180255416e+00,7.289025020408162803e+00,-3.697744370163538186e-01,7.289025020408162803e+00,2.771384775582768967e+00,7.337670795918368682e+00,7.973193100312283566e-01,7.283044775510203905e+00,-1.832847080630733760e+00,7.283044775510203905e+00,4.742005049638338132e-01,7.283044775510203905e+00,-1.838358799167468405e+01,7.289025020408162803e+00,1.379700431402494587e+01,7.289025020408162803e+00,1.285554795981701091e+02,7.283044775510203905e+00,3.577943706764930010e-01,7.337670795918368682e+00,2.731571828646469857e+00,7.337670795918368682e+00,-2.126463668832426102e+00,7.283044775510203905e+00,-6.069623799002052067e+00,7.289025020408162803e+00,-1.079032137881146491e+00,7.289025020408162803e+00,4.457098188765601066e+01,7.283044775510203905e+00,-7.080989735453817602e-01,7.337670795918368682e+00,1.022965216215118156e-01,7.337670795918368682e+00,4.903530490632865835e-01
7.629749387755103029e+00,-2.395710878210006722e+00,7.579110061224489492e+00,-3.744902321565164449e-01,7.579110061224489492e+00,2.961831036009742846e+00,7.629749387755103029e+00,8.422785393576150970e-01,7.572898326530611790e+00,-1.915947972798379695e+00,7.572898326530611790e+00,5.237484338875028067e-01,7.572898326530611790e+00,-1.899589867679147659e+01,7.579110061224489492e+00,1.438077950807967831e+01,7.579110061224489492e+00,1.373267546407737427e+02,7.572898326530611790e+00,4.431492953106704880e-01,7.629749387755103029e+00,2.841605553512350113e+00,7.629749387755103029e+00,-2.244697832343600652e+00,7.572898326530611790e+00,-6.303295025326997703e+00,7.579110061224489492e+00,-1.136514207994317349e+00,7.579110061224489492e+00,4.768028918504433022e+01,7.572898326530611790e+00,-7.692252898284142049e-01,7.629749387755103029e+00,1.070587476687706596e-01,7.629749387755103029e+00,5.267977369776291052e-01
7.921827979591838265e+00,-2.487531162206019886e+00,7.869195102040816181e+00,-3.777688789043596174e-01,7.869195102040816181e+00,3.149807019137408126e+00,7.921827979591838265e+00,8.879410843586548197e-01,7.862751877551019675e+00,-1.999893891224386877e+00,7.862751877551019675e+00,5.765757252294197999e-01,7.862751877551019675e+00,-1.959191152732756080e+01,7.869195102040816181e+00,1.498251988112875033e+01,7.869195102040816181e+00,1.461688339730673647e+02,7.862751877551019675e+00,5.378784370477630583e-01,7.921827979591838265e+00,2.953232193493563251e+00,7.921827979591838265e+00,-2.369638613039553476e+00,7.862751877551019675e+00,-6.537603522094342701e+00,7.869195102040816181e+00,-1.194601726211756976e+00,7.869195102040816181e+00,5.085868370114224035e+01,7.862751877551019675e+00,-8.329040186627092446e-01,7.921827979591838265e+00,1.117475914734474829e-01,7.921827979591838265e+00,5.645229666579314465e-01
8.213906571428571723e+00,-2.579619766385032431e+00,8.159280142857141982e+00,-3.794318113497934242e-01,8.159280142857141982e+00,3.337416446211845411e+00,8.213906571428571723e+00,9.352568081168437519e-01,8.152605428571428448e+00,-2.084535290865520363e+00,8.152605428571428448e+00,6.326841128884779231e-01,8.152605428571428448e+00,-2.017845873412350244e+01,8.159280142857141982e+00,1.560140482773194037e+01,8.159280142857141982e+00,1.552120696101643205e+02,8.152605428571428448e+00,6.403243655908437137e-01,8.213906571428571723e+00,3.066233447396174761e+00,8.213906571428571723e+00,-2.502324740804784398e+00,8.152605428571428448e+00,-6.773328454014753142e+00,8.159280142857141982e+00,-1.253210388062897307e+00,8.159280142857141982e+00,5.415082334690238497e+01,8.152605428571428448e+00,-8.989989697762377219e-01,8.213906571428571723e+00,1.163581195223775122e-01,8.213906571428571723e+00,6.034439702163902908e-01
8.505985163265306070e+00,-2.672266910226873904e+00,8.449365183673469559e+00,-3.792674757964857868e-01,8.449365183673469559e+00,3.527568934606825302e+00,8.505985163265306070e+00,9.853373509740576131e-01,8.442458979591837220e+00,-2.169687170239908092e+00,8.442458979591837220e+00,6.920479698483310571e-01,8.442458979591837220e+00,-2.076397884371112923e+01,8.449365183673469559e+00,1.623529022009439515e+01,8.449365183673469559e+00,1.646211861244403281e+02,8.442458979591837220e+00,7.485429902195700480e-01,8.505985163265306070e+00,3.180293910073288544e+00,8.505985163265306070e+00,-2.643760087217793764e+00,8.442458979591837220e+00,-7.011252678009066486e+00,8.449365183673469559e+00,-1.312252807211144567e+00,8.449365183673469559e+00,5.760934180665073967e+01,8.442458979591837220e+00,-9.673426103140814192e-01,8.505985163265306070e+00,1.208854541201583865e-01,8.505985163265306070e+00,6.434646504930456867e-01
8.798063755102042194e+00,-2.765774673121950133e+00,8.739450224489795360e+00,-3.770411767001951020e-01,8.739450224489795360e+00,3.723666628221916852e+00,8.798063755102042194e+00,1.039397890842677086e+00,8.732312530612245993e+00,-2.255132147684939969e+00,8.732312530612245993e+00,7.546134013838902144e-01,8.732312530612245993e+00,-2.135792993328970013e+01,8.739450224489795360e+00,1.688084121599290555e+01,8.739450224489795360e+00,1.745800617552920926e+02,8.732312530612245993e+00,8.603506802872721293e-01,8.798063755102042194e+00,3.295012917804000629e+00,8.798063755102042194e+00,-2.794858721164322546e+00,8.732312530612245993e+00,-7.252108320628932070e+00,8.739450224489795360e+00,-1.371638740792398448e+00,8.739450224489795360e+00,6.129044209238896457e+01,8.732312530612245993e+00,-1.037738416111930295e+00,8.798063755102042194e+00,1.253247761511330216e-01,8.798063755102042194e+00,6.844785062829461530e-01
9.090142346938776541e+00,-2.860437060224731542e+00,9.029535265306122938e+00,-3.725050953927770969e-01,9.029535265306122938e+00,3.929340112786137595e+00,9.090142346938776541e+00,1.098703611126035762e+00,9.022166081632652990e+00,-2.340623534273875705e+00,9.022166081632652990e+00,8.202969799735242429e-01,9.022166081632652990e+00,-2.197019616755397919e+01,9.029535265306122938e+00,1.753365630343164128e+01,9.029535265306122938e+00,1.852790841289764217e+02,9.022166081632652990e+00,9.733546733616326163e-01,9.090142346938776541e+00,3.409915586804686427e+00,9.090142346938776541e+00,-2.956395419241915068e+00,9.022166081632652990e+00,-7.496525736100138282e+00,9.029535265306122938e+00,-1.431275112144094086e+00,9.029535265306122938e+00,6.525028501269730441e+01,9.022166081632652990e+00,-1.109962876212729821e+00,9.090142346938776541e+00,1.296713352557150589e-01,9.090142346938776541e+00,7.263695110068231209e-01
9.382220938775510888e+00,-2.956520382171794914e+00,9.319620306122448739e+00,-3.654083572352164744e-01,9.319620306122448739e+00,4.148218296802815175e+00,9.382220938775510888e+00,1.164518408406433947e+00,9.312019632653061763e+00,-2.425888248144989046e+00,9.312019632653061763e+00,8.889841384194266949e-01,9.312019632653061763e+00,-2.261052791079522706e+01,9.319620306122448739e+00,1.818838935234422038e+01,9.319620306122448739e+00,1.969045757901149614e+02,9.312019632653061763e+00,1.084975683945859970e+00,9.382220938775510888e+00,3.524463127448011157e+00,9.382220938775510888e+00,-3.128959148560632730e+00,9.312019632653061763e+00,-7.744984749324972384e+00,9.319620306122448739e+00,-1.491065831111469286e+00,9.319620306122448739e+00,6.954192665064846324e+01,9.312019632653061763e+00,-1.183767142856287258e+00,9.382220938775510888e+00,1.339204647249806479e-01,9.382220938775510888e+00,7.690129336776423408e-01
9.674299530612245235e+00,-3.054243654734913882e+00,9.609705346938774539e+00,-3.555072029169834558e-01,9.609705346938774539e+00,4.383719972985400837e+00,9.674299530612245235e+00,1.238053231461191395e+00,9.601873183673470535e+00,-2.510629575905242383e+00,9.601873183673470535e+00,9.605272361110630541e-01,9.601873183673470535e+00,-2.328801545333061895e+01,9.609705346938774539e+00,1.883887644945767548e+01,9.609705346938774539e+00,2.096294495749208693e+02,9.601873183673470535e+00,1.192471481313178705e+00,9.674299530612245235e+00,3.638062628315532621e+00,9.674299530612245235e+00,-3.312907375762278228e+00,9.601873183673470535e+00,-7.997766928872544590e+00,9.609705346938774539e+00,-1.550911410922185540e+00,9.609705346938774539e+00,7.421254084391480887e+01,9.601873183673470535e+00,-1.258878350935730195e+00,9.674299530612245235e+00,1.380675994377321136e-01,9.674299530612245235e+00,8.122761025252258626e-01
9.966378122448979582e+00,-3.153758686487109220e+00,9.899790387755102117e+00,-3.425753660038735049e-01,9.899790387755102117e+00,4.638856858434420971e+00,9.966378122448979582e+00,1.320411413110392784e+00,9.891726734693877532e+00,-2.594529821148486182e+00,9.891726734693877532e+00,1.034743310663837068e+00,9.891726734693877532e+00,-2.401058148792735381e+01,9.899790387755102117e+00,1.947827453594926794e+01,9.899790387755102117e+00,2.236042380276220456e+02,9.891726734693877532e+00,1.292970650956968282e+00,9.966378122448979582e+00,3.750076522478860142e+00,9.966378122448979582e+00,-3.508319267145008968e+00,9.891726734693877532e+00,-8.254907717839282455e+00,9.899790387755102117e+00,-1.610708378407760488e+00,9.899790387755102117e+00,7.930068047481552185e+01,9.891726734693877532e+00,-1.335000638304073783e+00,9.966378122448979582e+00,1.421082960921619676e-01,9.966378122448979582e+00,8.560191163823362981e-01
1.025845671428571571e+01,-3.255129524394300589e+00,1.018987542857142792e+01,-3.264147738790463826e-01,1.018987542857142792e+01,4.916039094819969257e+00,1.025845671428571571e+01,1.412528272955432929e+00,1.018158028571428630e+01,-2.677252888587427382e+00,1.018158028571428630e+01,1.111411523089511633e+00,1.018158028571428630e+01,-2.478447282495801574e+01,1.018987542857142792e+01,2.009921936208919746e+01,1.018987542857142792e+01,2.389476819654215376e+02,1.018158028571428630e+01,1.383526819905781746e+00,1.025845671428571571e+01,3.859831954148525313e+00,1.025845671428571571e+01,-3.714945936363690748e+00,1.018158028571428630e+01,-8.516147419054796330e+00,1.018987542857142792e+01,-1.670348471009245106e+00,1.018987542857142792e+01,8.483335163082750796e+01,1.018158028571428630e+01,-1.411815899743025238e+00,1.025845671428571571e+01,1.460382556358174599e-01,1.025845671428571571e+01,9.000955113452360212e-01
1.055053530612245005e+01,-3.358310965589723196e+00,1.047996046938775550e+01,-3.068666980853285153e-01,1.047996046938775550e+01,5.216874476291037510e+00,1.055053530612245005e+01,1.515102109300142441e+00,1.047143383673469508e+01,-2.758446854616448007e+00,1.047143383673469508e+01,1.190270299002140764e+00,1.047143383673469508e+01,-2.561373155409489044e+01,1.047996046938775550e+01,2.069401102946773818e+01,1.047996046938775550e+01,2.557361045941371174e+02,1.047143383673469508e+01,1.461205372005132563e+00,1.055053530612245005e+01,3.966630272098500054e+00,1.055053530612245005e+01,-3.932155870755038141e+00,1.047143383673469508e+01,-8.780880326639307398e+00,1.047996046938775550e+01,-1.729717609476568718e+00,1.047996046938775550e+01,9.082269448742763984e+01,1.047143383673469508e+01,-1.488984309411395701e+00,1.055053530612245005e+01,1.498533483659682530e-01,1.055053530612245005e+01,9.443528929346922673e-01
1.084261389795918440e+01,-3.463125947523246317e+00,1.077004551020408130e+01,-2.838234921090645457e-01,1.077004551020408130e+01,5.541952013481359351e+00,1.084261389795918440e+01,1.628513444751452655e+00,1.076128738775510207e+01,-2.837746575448127473e+00,1.076128738775510207e+01,1.271014160984511587e+00,1.076128738775510207e+01,-2.649962762047345421e+01,1.077004551020408130e+01,2.125483642033521647e+01,1.077004551020408130e+01,2.739908434039091389e+02,1.076128738775510207e+01,1.523217199287933088e+00,1.084261389795918440e+01,4.069756899101974135e+00,1.084261389795918440e+01,-4.158873525350315070e+00,1.076128738775510207e+01,-9.048101884529552663e+00,1.077004551020408130e+01,-1.788694629453568608e+00,1.077004551020408130e+01,9.726209712240093097e+01,1.076128738775510207e+01,-1.566144655859638357e+00,1.084261389795918440e+01,1.535496428602599606e-01,1.084261389795918440e+01,9.886335498722746973e-01
1.113469248979591875e+01,-3.569241865414310766e+00,1.106013055102040710e+01,-2.572410807859162318e-01,1.106013055102040710e+01,5.890598738731470441e+00,1.113469248979591875e+01,1.752728960656933621e+00,1.105114093877551085e+01,-2.914776385168746931e+00,1.105114093877551085e+01,1.353290238068075357e+00,1.105114093877551085e+01,-2.744003573794380557e+01,1.106013055102040710e+01,2.177403912836227207e+01,1.106013055102040710e+01,2.936630812467842588e+02,1.105114093877551085e+01,1.567117461732601580e+00,1.113469248979591875e+01,4.168491906818306170e+00,1.113469248979591875e+01,-4.393508814717018929e+00,1.105114093877551085e+01,-9.316355003748608254e+00,1.106013055102040710e+01,-1.847149748291553095e+00,1.106013055102040710e+01,1.041216554726415495e+02,1.105114093877551085e+01,-1.642914570757886716e+00,1.113469248979591875e+01,1.571234406914068238e-01,1.113469248979591875e+01,1.032775079939669327e+00
1.142677108163265487e+01,-3.676146345759645051e+00,1.135021559183673467e+01,-2.271524177317321147e-01,1.135021559183673467e+01,6.260595778644557186e+00,1.142677108163265487e+01,1.887185233764010928e+00,1.134099448979591962e+01,-2.989152981490792893e+00,1.134099448979591962e+01,1.436694427359221482e+00,1.134099448979591962e+01,-2.842873026494657651e+01,1.135021559183673467e+01,2.224444912442972111e+01,1.135021559183673467e+01,3.146152400822757045e+02,1.134099448979591962e+01,1.591091835706402779e+00,1.142677108163265487e+01,4.262121953734785862e+00,1.142677108163265487e+01,-4.633874856906094131e+00,1.134099448979591962e+01,-9.583679422508156520e+00,1.135021559183673467e+01,-1.904942735576078183e+00,1.135021559183673467e+01,1.113431326477691812e+02,1.134099448979591962e+01,-1.718890857981791198e+00,1.142677108163265487e+01,1.605713182854434651e-01,1.142677108163265487e+01,1.076611090071713406e+00
1.171884967346938922e+01,-3.783124305067460114e+00,1.164030063265306048e+01,-1.936821041503162810e-01,1.164030063265306048e+01,6.647841246981668561e+00,1.171884967346938922e+01,2.030642419335668247e+00,1.163084804081632662e+01,-3.060489067774118777e+00,1.163084804081632662e+01,1.520767229550221034e+00,1.163084804081632662e+01,-2.945453983901501260e+01,1.164030063265306048e+01,2.265978140567824184e+01,1.164030063265306048e+01,3.365949149041560986e+02,1.163084804081632662e+01,1.594354751464830411e+00,1.171884967346938922e+01,4.349955780273385031e+00,1.171884967346938922e+01,-4.877091873664092248e+00,1.163084804081632662e+01,-9.847574460225564152e+00,1.164030063265306048e+01,-1.961920787042840120e+00,1.164030063265306048e+01,1.188350008128783344e+02,1.163084804081632662e+01,-1.793650404690137368e+00,1.171884967346938922e+01,1.638901667864686162e-01,1.171884967346938922e+01,1.119972133382200363e+00
1.201092826530612356e+01,-3.889247854991010556e+00,1.193038567346938805e+01,-1.570563339862252050e-01,1.193038567346938805e+01,7.046133239152311489e+00,1.201092826530612356e+01,2.181069065518649097e+00,1.192070159183673539e+01,-3.128398251324841617e+00,1.192070159183673539e+01,1.604992159930370921e+00,1.192070159183673539e+01,-3.050069179894341431e+01,1.193038567346938805e+01,2.301495069835548080e+01,1.193038567346938805e+01,3.592081750306029448e+02,1.192070159183673539e+01,1.577505044018838509e+00,1.201092826530612356e+01,4.431343898652759350e+00,1.201092826530612356e+01,-5.119520089619258307e+00,1.192070159183673539e+01,-1.010499999271094573e+01,1.193038567346938805e+01,-2.017917418281944375e+00,1.193038567346938805e+01,1.264690997489805682e+02,1.192070159183673539e+01,-1.866752918327817756e+00,1.201092826530612356e+01,1.670772079210544048e-01,1.201092826530612356e+01,1.162687135890969392e+00
1.230300685714285791e+01,-3.993401678591150805e+00,1.222047071428571385e+01,-1.175932588021972869e-01,1.222047071428571385e+01,7.447472103818962630e+00,1.230300685714285791e+01,2.335749008195287857e+00,1.221055514285714416e+01,-3.192498522965262708e+00,1.221055514285714416e+01,1.688804925283540870e+00,1.221055514285714416e+01,-3.154553204437414493e+01,1.222047071428571385e+01,2.330595807641066841e+01,1.222047071428571385e+01,3.819337002082765480e+02,1.221055514285714416e+01,1.542338284326189912e+00,1.230300685714285791e+01,4.505686191918956141e+00,1.230300685714285791e+01,-5.356840150683015445e+00,1.221055514285714416e+01,-1.035244320609425195e+01,1.222047071428571385e+01,-2.072755211986326174e+00,1.222047071428571385e+01,1.340816853231011976e+02,1.221055514285714416e+01,-1.937747092814623429e+00,1.230300685714285791e+01,1.701299999169620936e-01,1.230300685714285791e+01,1.204584985959628485e+00
1.259508544897959226e+01,-4.094329842138138886e+00,1.251055575510203965e+01,-7.568378405541498211e-02,1.251055575510203965e+01,7.842574187842087596e+00,1.259508544897959226e+01,2.491477741691416448e+00,1.250040869387755116e+01,-3.252416523214789024e+00,1.250040869387755116e+01,1.771608639657619833e+00,1.250040869387755116e+01,-3.256387635097797073e+01,1.251055575510203965e+01,2.352962793117804807e+01,1.251055575510203965e+01,4.041517843825402565e+02,1.250040869387755116e+01,1.491410178083256044e+00,1.259508544897959226e+01,4.572431962388019855e+00,1.259508544897959226e+01,-5.584212292572147796e+00,1.250040869387755116e+01,-1.058603375379025735e+01,1.251055575510203965e+01,-2.126250142333619308e+00,1.251055575510203965e+01,1.414780652182007827e+02,1.250040869387755116e+01,-2.006178488938635596e+00,1.259508544897959226e+01,1.730464308658146155e-01,1.259508544897959226e+01,1.245496313326806881e+00
1.288716404081632838e+01,-4.190686778207078689e+00,1.280064079591836723e+01,-3.177260302178996909e-02,1.280064079591836723e+01,8.221353302413692887e+00,1.288716404081632838e+01,2.644736023277935555e+00,1.279026224489795993e+01,-3.307793591182467630e+00,1.279026224489795993e+01,1.852789259614614048e+00,1.279026224489795993e+01,-3.352825332900702193e+01,1.280064079591836723e+01,2.368342475713128792e+01,1.280064079591836723e+01,4.251708460291575875e+02,1.279026224489795993e+01,1.427696950686712096e+00,1.288716404081632838e+01,4.631082968215634033e+00,1.288716404081632838e+01,-5.796443095468188034e+00,1.279026224489795993e+01,-1.080168311524295710e+01,1.280064079591836723e+01,-2.178215558788446415e+00,1.280064079591836723e+01,1.484391858676485754e+02,1.279026224489795993e+01,-2.071598010588644900e+00,1.288716404081632838e+01,1.758247086539857507e-01,1.288716404081632838e+01,1.285255508231278876e+00
1.317924263265306273e+01,-4.281090146084198800e+00,1.309072583673469303e+01,1.365998260826417621e-02,1.309072583673469303e+01,8.573383773632208715e+00,1.317924263265306273e+01,2.791853554454646336e+00,1.308011579591836870e+01,-3.358292635672121662e+00,1.308011579591836870e+01,1.931730964244934068e+00,1.308011579591836870e+01,-3.441015345226779232e+01,1.309072583673469303e+01,2.376535663751243632e+01,1.309072583673469303e+01,4.442567919332320798e+02,1.308011579591836870e+01,1.354346746713839034e+00,1.317924263265306273e+01,4.681199309165564593e+00,1.317924263265306273e+01,-5.988168767419630001e+00,1.308011579591836870e+01,-1.099524092572801237e+01,1.309072583673469303e+01,-2.228465720211834977e+00,1.309072583673469303e+01,1.547300221005465346e+02,1.308011579591836870e+01,-2.133570953644412960e+00,1.317924263265306273e+01,1.784633595313419030e-01,1.317924263265306273e+01,1.323702893527076263e+00
1.347132122448979707e+01,-4.364175645876631648e+00,1.338081087755102061e+01,6.011568801330602341e-02,1.338081087755102061e+01,8.888371004287961341e+00,1.347132122448979707e+01,2.929173765608720892e+00,1.336996934693877570e+01,-3.403605713211612649e+00,1.336996934693877570e+01,2.007831630130601841e+00,1.336996934693877570e+01,-3.518138469558921599e+01,1.338081087755102061e+01,2.377396233569048434e+01,1.338081087755102061e+01,4.606692553116905060e+02,1.336996934693877570e+01,1.274494454111765096e+00,1.347132122448979707e+01,4.722407796976638039e+00,1.347132122448979707e+01,-6.154070802303408527e+00,1.336996934693877570e+01,-1.116266765449602971e+01,1.338081087755102061e+01,-2.276818867724803130e+00,1.338081087755102061e+01,1.601104871558838170e+02,1.336996934693877570e+01,-2.191686622902518700e+00,1.347132122448979707e+01,1.809612362459206425e-01,1.347132122448979707e+01,1.360687020639330447e+00
1.376339981632653142e+01,-4.438654432925853044e+00,1.367089591836734641e+01,1.070955045080066448e-01,1.367089591836734641e+01,9.156655346210778035e+00,1.376339981632653142e+01,3.053229028154564872e+00,1.365982289795918447e+01,-3.443462364773677731e+00,1.365982289795918447e+01,2.080518550658171151e+00,1.365982289795918447e+01,-3.581560366166918641e+01,1.367089591836734641e+01,2.370838156694187404e+01,1.367089591836734641e+01,4.737090050317835903e+02,1.365982289795918447e+01,1.191116780885790982e+00,1.376339981632653142e+01,4.754412840994171496e+00,1.376339981632653142e+01,-6.289142030485792567e+00,1.365982289795918447e+01,-1.130022603180028007e+01,1.367089591836734641e+01,-2.323099821852748992e+00,1.367089591836734641e+01,1.643501154686387906e+02,1.365982289795918447e+01,-2.245568600162021866e+00,1.376339981632653142e+01,1.833175362324099833e-01,1.376339981632653142e+01,1.396067088311392368e+00
1.405547840816326577e+01,-4.503374031920853504e+00,1.396098095918367399e+01,1.541165990295154664e-01,1.396098095918367399e+01,9.369777764165831968e+00,1.405547840816326577e+01,3.160935771915074355e+00,1.394967644897959325e+01,-3.477638675456252937e+00,1.394967644897959325e+01,2.149264552952973695e+00,1.394967644897959325e+01,-3.629006516160253426e+01,1.396098095918367399e+01,2.356851070202545628e+01,1.396098095918367399e+01,4.827811228103415147e+02,1.394967644897959325e+01,1.106907469091509499e+00,1.405547840816326577e+01,4.777010010522033667e+00,1.405547840816326577e+01,-6.389024223042017780e+00,1.394967644897959325e+01,-1.140469415223740235e+01,1.396098095918367399e+01,-2.367142088771128527e+00,1.396098095918367399e+01,1.672480915430007826e+02,1.394967644897959325e+01,-2.294885759340972609e+00,1.405547840816326577e+01,1.855318321728141040e-01,1.405547840816326577e+01,1.429715504932177916e+00
