1001,2815.1147, 96198.3047, -0.0008
1002,13007.9717, 448919.6875, -0.0015
1003,-37333.4062, -704173.9375, 0.0202
1004,-22592.5605, -191145.0000, 0.0191
1005,-8215.4707, 321884.0000, 0.0180
1006,-53117.1172, -753011.1250, 0.0337
1007,-38905.6797, -240001.7500, 0.0325
1008,-25028.6543, 273006.8438, 0.0314
1009,-65841.5938, -751301.0000, 0.0428
1010,-52130.8984, -238310.4844, 0.0416
1011,-38723.3633, 274678.6250, 0.0404
1012,-76466.0312, -721308.0625, 0.0490
1013,-63217.2070, -208336.0312, 0.0477
1014,-50239.6250, 304633.5625, 0.0464
1015,-85572.0703, -678271.0625, 0.0530
1016,-72739.1016, -165318.0312, 0.0517
1017,-60152.3867, 347632.2188, 0.0504
1018,-93460.7031, -631686.7500, 0.0557
1019,-81006.9219, -118752.8906, 0.0543
1020,-68778.6172, 394177.8750, 0.0529
1021,-100268.0469, -587012.8750, 0.0572
1022,-88164.0938, -74097.9844, 0.0557
1023,-76272.5469, 438812.4062, 0.0542
1024,-106039.6484, -547303.6875, 0.0578
1025,-94262.0078, -34409.1055, 0.0562
1026,-82690.3594, 478482.0625, 0.0546
1027,-110777.3438, -514734.7500, 0.0574
1028,-99319.1328, -1859.0443, 0.0557
1029,-88064.4688, 511011.7188, 0.0540
1030,-114504.8594, -492024.1250, 0.0556
1031,-103357.9766, 20831.6465, 0.0539
1032,-92417.6328, 533683.1875, 0.0521
1033,-117258.2266, -483455.2812, 0.0517
1034,-106425.7188, 29381.4160, 0.0500
1035,-95802.2266, 542214.3125, 0.0481
1036,-119037.8203, -492004.4375, 0.0443
1037,-108522.0547, 20814.1680, 0.0424
1038,-98219.2656, 533628.6250, 0.0405
1039,-120334.0859, -542047.3125, 0.0308
1040,-110130.3359, -29246.4473, 0.0289
1041,-100139.4375, 483551.1250, 0.0269
1042,-119718.7500, -566051.3750, 0.0220
1043,-109832.2266, -53266.3164, 0.0200
1044,-100153.2188, 459514.9688, 0.0181
1045,-117189.2344, -561704.3750, 0.0167
1046,-107615.8750, -48934.9102, 0.0147
1047,-98243.7188, 463831.2812, 0.0128
1048,-113090.5625, -545428.7500, 0.0137
1049,-103824.4297, -32673.9688, 0.0118
1050,-94754.0781, 480076.9375, 0.0098
1051,-107567.4766, -525429.1875, 0.0120
1052,-98600.4531, -12689.2939, 0.0101
1053,-89826.6250, 500047.1562, 0.0081
1054,-100688.7266, -507748.5938, 0.0109
1055,-92018.2891, 4977.2256, 0.0089
1056,-83540.9297, 517699.1562, 0.0069
1057,-92499.3047, -498410.4688, 0.0094
1058,-84123.0469, 14301.3291, 0.0075
1059,-75941.5859, 527009.7500, 0.0055
1060,-82987.6641, -500651.3750, 0.0064
1061,-74906.2969, 12047.1143, 0.0045
1062,-67021.9297, 524742.7500, 0.0025
1063,-72411.2969, -543903.5625, -0.0012
1064,-64622.5938, -31216.7793, -0.0031
1065,-57028.7422, 481466.4688, -0.0050
1066,-60184.6055, -563031.8125, -0.0063
1067,-52688.1289, -50356.5156, -0.0082
1068,-45382.8008, 462315.4688, -0.0101
1069,-46330.0742, -554587.8125, -0.0088
1070,-39122.8984, -41923.3945, -0.0107
1071,-32101.2422, 470737.8750, -0.0125
1072,-31011.4473, -536519.9375, -0.0096
1073,-24088.2031, -23865.8828, -0.0115
1074,-17346.2422, 488784.9062, -0.0133
1075,-14281.3047, -516486.1250, -0.0095
1076,-7635.3770, -3842.0066, -0.0113
1077,-1170.6177, 508798.9375, -0.0131
1078,3848.7473, -499587.9375, -0.0089
1079,10219.3672, 13046.8486, -0.0107
1080,16407.6562, 525678.6250, -0.0124
1081,23385.4551, -491289.0000, -0.0081
1082,29478.7266, 21337.2891, -0.0098
1083,35388.1602, 533960.6875, -0.0114
1084,44343.5117, -494630.3125, -0.0078
1085,50157.0938, 17988.2617, -0.0095
1086,55783.5391, 530604.2500, -0.0111
1087,66793.8047, -544597.3125, -0.0118
1088,72333.1016, -31985.5293, -0.0134
1089,77685.6406, 480623.3438, -0.0150
1090,90470.7109, -564110.7500, -0.0150
1091,95732.2578, -51505.4297, -0.0166
1092,100811.8359, 461096.3438, -0.0181
1093,115254.0703, -554105.1250, -0.0162
1094,120239.2109, -41506.6094, -0.0177
1095,125048.5156, 471088.8438, -0.0192
1096,141145.5312, -536287.6250, -0.0162
1097,145861.5312, -23695.5176, -0.0176
1098,150405.8438, 488894.3438, -0.0190
1099,168111.3750, -518491.0625, -0.0154
1100,172565.0781, -5904.2744, -0.0168
1101,176847.3125, 506680.9688, -0.0181
1102,196098.7500, -504819.8750, -0.0142
1103,200292.5312, 7763.0273, -0.0155
1104,204314.1719, 520343.7812, -0.0168
1105,225045.1719, -499201.5312, -0.0124
1106,228977.6875, 13378.0225, -0.0137
1107,232737.3906, 525955.0625, -0.0149
1108,254832.9219, -502494.2188, -0.0104
1109,258502.5938, 10082.1914, -0.0116
1110,261998.5938, 522656.7812, -0.0127
1111,285689.7812, -548085.1250, -0.0125
1112,289102.2812, -35510.4375, -0.0136
1113,292340.9062, 477061.2188, -0.0147
1114,316495.3750, -562690.1250, -0.0153
1115,319647.0000, -50119.6836, -0.0164
1116,322630.1875, 462449.0938, -0.0174
1117,347045.7812, -552381.2500, -0.0163
1118,349942.0625, -39814.5273, -0.0173
1119,352675.5938, 472750.7500, -0.0182
1120,377353.0000, -538987.8125, -0.0162
1121,380000.4688, -26424.2363, -0.0171
1122,382489.1875, 486138.2812, -0.0180
1123,407196.4062, -528481.3125, -0.0157
1124,409602.5312, -15919.0410, -0.0165
1125,411852.2500, 496640.4688, -0.0173
1126,436270.6562, -522820.4688, -0.0147
1127,438439.5000, -10259.7080, -0.0155
1128,440452.0312, 502299.5312, -0.0162
1129,464220.0312, -522888.7188, -0.0130
1130,466153.0312, -10329.0176, -0.0137
1131,467931.9688, 502228.1250, -0.0143
1132,490591.8438, -525138.1250, -0.0101
1133,492292.1250, -12578.1279, -0.0107
1134,493839.4688, 499976.8750, -0.0113
1135,515135.3125, -543816.1875, -0.0109
1136,516605.9375, -31258.6602, -0.0114
1137,517926.1562, 481295.9375, -0.0119
1138,537032.4375, -546901.0625, -0.0140
1139,538275.3750, -34347.1445, -0.0144
1140,539373.4375, 478205.1875, -0.0148
1141,555946.5000, -538222.6250, -0.0154
1142,556967.8125, -25669.6094, -0.0157
1143,557846.7500, 486880.6875, -0.0160
1144,571636.8750, -529565.0625, -0.0158
1145,572440.6250, -17015.1855, -0.0161
1146,573106.1250, 495533.7188, -0.0163
1147,583783.1875, -522576.1562, -0.0158
1148,584374.8750, -10026.0029, -0.0160
1149,584828.6250, 502522.0625, -0.0162
1150,592115.0000, -516924.9375, -0.0155
1151,592495.7500, -4376.9141, -0.0156
1152,592740.7500, 508170.7812, -0.0157
1153,596436.3125, -512115.4375, -0.0142
1154,596608.6875, 433.7899, -0.0142
1155,596644.2500, 512981.4688, -0.0142
1156,596649.9375, -508843.8750, -0.0110
1157,596613.0625, 3703.9360, -0.0109
1158,596440.3125, 516251.9062, -0.0108
1159,592750.4375, -506214.5000, -0.0104
1160,592505.0625, 6335.0503, -0.0103
1161,592122.0000, 518883.5000, -0.0101
1162,584835.2500, -503565.9375, -0.0139
1163,584380.4375, 8985.5127, -0.0137
1164,583787.0000, 521533.1562, -0.0134
1165,573095.8125, -500974.2812, -0.0160
1166,572428.8125, 11576.3086, -0.0157
1167,571621.8750, 524126.2812, -0.0153
1168,557814.3750, -496527.1875, -0.0173
1169,556934.1875, 16024.2412, -0.0169
1170,555911.1875, 528576.7500, -0.0165
1171,539338.1250, -489574.6562, -0.0183
1172,538240.5625, 22978.0039, -0.0178
1173,536999.0625, 535530.6875, -0.0173
1174,518048.9375, -480159.8125, -0.0188
1175,516730.9688, 32394.6504, -0.0183
1176,515264.2500, 544950.8125, -0.0177
1177,494324.4062, -471059.2500, -0.0182
1178,492779.3125, 41496.3672, -0.0176
1179,491081.9688, 554055.1875, -0.0169
1180,468372.5938, -477555.6250, -0.0155
1181,466595.3125, 35002.6523, -0.0147
1182,464661.0000, 547564.0000, -0.0140
1183,440509.0938, -505169.1250, -0.0147
1184,438497.4062, 7390.9346, -0.0139
1185,436326.3438, 519953.5312, -0.0130
1186,411779.6250, -508255.9375, -0.0186
1187,409525.6875, 4305.0146, -0.0177
1188,407113.3438, 516867.4375, -0.0167
1189,382281.1562, -507258.3125, -0.0216
1190,379785.1875, 5304.7124, -0.0206
1191,377129.3125, 517868.4375, -0.0196
1192,352392.9375, -499623.2812, -0.0239
1193,349653.5625, 12941.3711, -0.0228
1194,346752.2188, 525507.9375, -0.0217
1195,322393.7500, -487057.3438, -0.0256
1196,319407.4688, 25508.9531, -0.0245
1197,316258.2812, 538078.1875, -0.0233
1198,292513.3438, -472153.6562, -0.0267
1199,289276.0000, 40416.0508, -0.0255
1200,285873.0938, 552988.1875, -0.0242
1201,262899.8750, -461635.9688, -0.0265
1202,259406.6875, 50938.5469, -0.0252
1203,255741.0469, 563514.9375, -0.0238
1204,233505.9688, -478030.6875, -0.0242
1205,229751.6406, 34547.4570, -0.0228
1206,225820.7656, 547128.0000, -0.0213
1207,204494.5156, -526390.4375, -0.0227
1208,200478.7969, -13808.0732, -0.0213
1209,196284.3906, 498775.8438, -0.0197
1210,176846.3281, -529624.3750, -0.0259
1211,172561.4844, -17038.5488, -0.0243
1212,168099.3125, 495549.4688, -0.0227
1213,150304.9219, -522878.8750, -0.0289
1214,145751.8906, -10289.1318, -0.0272
1215,141025.2500, 502303.3438, -0.0255
1216,124930.2031, -507865.7812, -0.0312
1217,120111.0078, 4728.9658, -0.0295
1218,115119.0469, 517327.1875, -0.0277
1219,100751.9062, -489067.1250, -0.0329
1220,95667.9609, 23534.1758, -0.0311
1221,90409.7891, 536138.5000, -0.0293
1222,77806.7656, -470945.2188, -0.0337
1223,72454.0234, 41663.1211, -0.0318
1224,66924.3984, 554274.3125, -0.0298
1225,56122.0703, -461421.9375, -0.0328
1226,50496.4688, 51194.0820, -0.0308
1227,44686.9648, 563812.8750, -0.0288
1228,35730.2617, -481392.9062, -0.0295
1229,29828.3477, 31230.9434, -0.0274
1230,23736.0957, 543857.6250, -0.0253
1231,16725.9727, -530493.0000, -0.0253
1232,10545.2939, -17860.9961, -0.0232
1233,4175.2290, 494773.9375, -0.0210
1234,-853.3790, -533987.8750, -0.0260
1235,-7320.5010, -21346.9414, -0.0238
1236,-13972.6064, 491297.0312, -0.0216
1237,-17011.8223, -525750.3125, -0.0275
1238,-23761.4141, -13099.6572, -0.0253
1239,-30694.3867, 499554.1875, -0.0230
1240,-31765.1523, -508972.4062, -0.0287
1241,-38796.0312, 3688.8101, -0.0264
1242,-46007.9062, 516353.3438, -0.0241
1243,-45110.5469, -489269.2500, -0.0292
1244,-52420.9219, 23403.0137, -0.0268
1245,-59914.9258, 536078.7500, -0.0243
1246,-57019.4492, -471869.3438, -0.0281
1247,-64611.7773, 40814.5156, -0.0257
1248,-72393.0391, 553501.6875, -0.0232
1249,-67421.1406, -464289.2812, -0.0246
1250,-75301.3906, 48406.7344, -0.0221
1251,-83375.0625, 561105.8750, -0.0196
1252,-76119.2500, -483519.7812, -0.0174
1253,-84289.8203, 29188.5469, -0.0148
1254,-92659.7500, 541900.2500, -0.0122
1255,-83121.4375, -525412.2500, -0.0063
1256,-91585.3438, -12690.3135, -0.0037
1257,-100247.9375, 500035.0000, -0.0011
1258,-89167.0703, -528303.3125, -0.0015
1259,-97930.3828, -15567.2354, 0.0011
1260,-106891.3203, 497172.5938, 0.0037
1261,-93938.6797, -519954.9375, 0.0010
1262,-103001.2969, -7203.5591, 0.0036
1263,-112258.2422, 505551.4375, 0.0062
1264,-97442.4922, -503253.3438, 0.0031
1265,-106803.2500, 9513.9580, 0.0057
1266,-116358.1641, 522284.3438, 0.0084
1267,-99624.4375, -483762.8125, 0.0062
1268,-109282.8672, 29020.3164, 0.0088
1269,-119137.7031, 541807.0000, 0.0115
1270,-100403.1875, -466830.6250, 0.0115
1271,-110364.2266, 45968.8945, 0.0142
1272,-120525.0938, 558772.1875, 0.0168
1273,-99642.7266, -459432.0000, 0.0207
1274,-109911.0625, 53384.2617, 0.0234
1275,-120387.0391, 566203.8750, 0.0260
1276,-97011.9922, -475708.0625, 0.0359
1277,-107593.7188, 37125.7773, 0.0385
1278,-118388.9688, 549962.5000, 0.0411
1279,-92607.5078, -511044.8750, 0.0591
1280,-103505.3438, 1806.9750, 0.0617
1281,-114618.5938, 514662.4688, 0.0642
1282,-87814.0156, -507705.0312, 0.0727
1283,-99039.4766, 5166.0640, 0.0751
1284,-110480.4922, 518040.3750, 0.0775
1285,-82138.6562, -487760.5000, 0.0796
1286,-93694.3594, 25129.8066, 0.0819
1287,-105467.3438, 538023.8125, 0.0842
1288,-75586.6562, -453564.2500, 0.0823
1289,-87479.2969, 59345.5391, 0.0846
1290,-99595.9766, 572259.0625, 0.0867
1291,-68076.0078, -410089.0312, 0.0821
1292,-80318.7656, 102840.6797, 0.0842
1293,-92795.5938, 615773.5625, 0.0862
1294,-59498.9297, -362469.9375, 0.0792
1295,-72111.3906, 150479.1719, 0.0812
1296,-84976.4297, 663431.1875, 0.0831
1297,-49671.0273, -317367.8750, 0.0734
1298,-62682.5430, 195600.5625, 0.0753
1299,-75969.7109, 708571.5000, 0.0771
1300,-38258.7930, -284852.3438, 0.0641
1301,-51705.7930, 228135.5781, 0.0659
1302,-65456.8320, 741125.0625, 0.0676
1303,-24681.8008, -280315.3438, 0.0500
1304,-38602.3359, 232692.1406, 0.0516
1305,-52856.3438, 745700.5000, 0.0532
1306,-8006.0020, -325896.3750, 0.0290
1307,-22428.6875, 187131.4375, 0.0306
1308,-37213.5703, 700159.1875, 0.0321
1309,13049.1240, -448919.1562, -0.0015
1310,2823.5852, -96198.6875, -0.0004
3001,0.1590, -0.3232, -0.1138
3002,-58957.2383, 838906.3750, -13446.4688
3003,-56922.2578, 799502.8750, -13404.6914
3004,-55821.7734, 774008.8750, -13496.5801
3005,-55498.4570, 759732.0000, -13694.3193
3006,-55726.5430, 753133.5000, -13960.2861
3007,-56315.9062, 751320.9375, -14264.1963
3008,-57130.1523, 752260.5000, -14587.0762
3009,-58087.6562, 754741.6875, -14922.0371
3010,-59161.1445, 758321.0625, -15274.4785
3011,-60377.5469, 763273.0000, -15662.0156
3012,-61805.8750, 770384.5625, -16110.7529
3013,-63401.5000, 778998.8125, -16612.7598
3014,-66060.3047, 799893.8125, -17368.9609
3015,-65983.7031, 786789.1250, -17396.9238
3016,-65806.5469, 772523.5625, -17409.8047
3017,-66341.1250, 766532.2500, -17593.5293
3018,-67261.0000, 764677.5625, -17864.7871
3019,-68489.4766, 765870.8125, -18208.2695
3020,-70041.9219, 770103.3750, -18632.6328
3021,-71804.8125, 775971.9375, -19109.4785
3022,-75034.6094, 796675.9375, -19938.1992
3023,-75265.2656, 784573.6250, -19951.9238
3024,-75335.3359, 770737.0625, -19923.9297
3025,-76314.8828, 765949.1875, -20109.4355
3026,-77732.3125, 765026.4375, -20383.9297
3027,-79481.2031, 766681.7500, -20720.8906
3028,-81600.7734, 771099.0000, -21130.8555
3029,-83979.3828, 777058.1875, -21581.9707
3030,-88417.1328, 800669.6875, -22494.8457
3031,-88685.8281, 785423.6875, -22298.3711
3032,-89008.1641, 770651.3750, -22084.8145
3033,-90634.7266, 766833.7500, -22133.8223
3034,-92808.7188, 766975.8125, -22246.7422
3035,-95332.0625, 769198.7500, -22367.0039
3036,-98211.1562, 773414.7500, -22485.8379
3037,-101257.6641, 778074.3750, -22546.7090
3038,-106671.9844, 799606.0000, -22984.8848
3039,-107254.8750, 784136.5625, -22252.6289
3040,-108208.0312, 771730.6875, -21494.6934
3041,-110703.9766, 770356.8125, -20902.7070
3042,-113655.7500, 772003.8750, -20230.6133
3043,-116762.5000, 774644.6875, -19405.1602
3044,-119915.7578, 777733.4375, -18395.2539
3045,-122722.4375, 779023.2500, -17135.1387
3046,-126573.5000, 787516.2500, -15796.5322
3047,-127644.9922, 779792.5625, -13920.6172
3048,-128749.5469, 773985.6250, -11899.2500
3049,-130546.3203, 774124.3750, -9787.5293
3050,-132149.0000, 775072.7500, -7512.5366
3051,-133344.4844, 775828.3125, -5093.9126
3052,-134081.2031, 776301.6250, -2574.0403
3053,-134440.3906, 777097.5625, -2.2203
3054,-134271.5625, 777405.9375, 2572.2349
3055,-133604.2656, 777348.1875, 5097.4829
3056,-132526.9844, 777299.6250, 7525.8960
3057,-130902.7578, 776253.8125, 9805.2246
3058,-128890.6797, 774856.8750, 11904.5410
3059,-126602.7969, 773461.1250, 13803.7871
3060,-124317.0156, 773457.0000, 15515.7646
3061,-123071.5469, 781172.1250, 17180.5254
3062,-122062.8438, 791665.5000, 18723.4297
3063,-117424.4297, 779069.3125, 19516.0352
3064,-114360.3516, 776810.1875, 20347.2246
3065,-111117.2266, 773263.6250, 20966.8496
3066,-108041.7891, 770585.3750, 21449.8613
3067,-105208.5781, 769223.6875, 21826.8125
3068,-102898.3516, 771265.1250, 22173.1562
3069,-102128.2422, 784687.8125, 22734.5176
3070,-101663.6562, 800660.8750, 23283.4980
3071,-96381.5000, 777728.0000, 22625.1621
3072,-93479.4219, 772548.1875, 22402.2559
3073,-90797.8984, 768242.6250, 22159.6934
3074,-88492.0781, 766208.5000, 21945.1055
3075,-86540.5312, 766434.8125, 21760.2676
3076,-85115.0547, 770664.1875, 21653.3320
3077,-84890.2188, 785435.8750, 21802.8457
3078,-84648.5234, 800026.0625, 21928.3672
3079,-80535.9922, 776950.8125, 21013.8457
3080,-78330.6328, 770961.3125, 20540.6152
3081,-76376.1406, 766588.6875, 20116.1543
3082,-74779.6875, 765053.0625, 19769.9590
3083,-73502.8047, 766158.4375, 19490.1914
3084,-72635.8594, 771056.3750, 19298.1445
3085,-72596.9453, 784518.6875, 19303.6504
3086,-72370.7344, 795893.9375, 19264.8691
3087,-69404.3281, 776216.1875, 18482.5918
3088,-67771.2969, 770529.8125, 18020.5762
3089,-66321.6562, 766302.6250, 17607.0508
3090,-65161.8984, 764882.6875, 17268.3301
3091,-64268.9922, 766159.7500, 16993.5215
3092,-63697.3438, 770953.6875, 16791.7090
3093,-63723.6992, 782871.9375, 16732.3086
3094,-63565.2227, 792470.0000, 16636.6465
3095,-61143.6133, 773002.6250, 15937.2842
3096,-59656.6758, 764654.8750, 15450.3154
3097,-58304.3477, 757495.5625, 14997.1875
3098,-57180.6562, 752843.5000, 14595.3682
3099,-56281.8711, 750780.6250, 14232.1396
3100,-55654.1992, 752075.1875, 13904.9014
3101,-55409.4766, 758444.0000, 13625.4443
3102,-55722.0195, 772567.7500, 13418.9932
3103,-56807.5508, 797845.0625, 13319.6123
3104,-58817.9883, 836887.8125, 13352.9102
3105,0.2257, -0.4578, 0.0727
4001,0.1609, 0.3259, -0.1087
4002,-58957.2539, -838906.5000, -13446.4717
4003,-56922.2695, -799502.9375, -13404.6914
4004,-55821.7812, -774008.9375, -13496.5840
4005,-55498.4648, -759732.0000, -13694.3193
4006,-55726.5508, -753133.5000, -13960.2842
4007,-56315.9141, -751321.0000, -14264.1934
4008,-57130.1562, -752260.5000, -14587.0742
4009,-58087.6641, -754741.6875, -14922.0322
4010,-59161.1484, -758321.0000, -15274.4814
4011,-60377.5508, -763273.0000, -15662.0137
4012,-61805.8789, -770384.5000, -16110.7529
4013,-63401.5000, -778998.7500, -16612.7559
4014,-66060.3047, -799893.7500, -17368.9570
4015,-65983.7031, -786789.0000, -17396.9219
4016,-65806.5469, -772523.5625, -17409.8047
4017,-66341.1328, -766532.2500, -17593.5273
4018,-67261.0000, -764677.5625, -17864.7852
4019,-68489.4844, -765870.8125, -18208.2656
4020,-70041.9297, -770103.3750, -18632.6309
4021,-71804.8203, -775971.9375, -19109.4785
4022,-75034.6094, -796675.8750, -19938.1973
4023,-75265.2656, -784573.6250, -19951.9219
4024,-75335.3359, -770737.0625, -19923.9258
4025,-76314.8906, -765949.1875, -20109.4336
4026,-77732.3125, -765026.4375, -20383.9297
4027,-79481.2109, -766681.7500, -20720.8887
4028,-81600.7812, -771099.0000, -21130.8535
4029,-83979.3828, -777058.1250, -21581.9707
4030,-88417.1328, -800669.6250, -22494.8418
4031,-88685.8359, -785423.6250, -22298.3691
4032,-89008.1719, -770651.3750, -22084.8125
4033,-90634.7266, -766833.7500, -22133.8203
4034,-92808.7266, -766975.8125, -22246.7402
4035,-95332.0703, -769198.7500, -22367.0020
4036,-98211.1641, -773414.7500, -22485.8359
4037,-101257.6719, -778074.3750, -22546.7070
4038,-106671.9844, -799605.9375, -22984.8828
4039,-107254.8828, -784136.5000, -22252.6250
4040,-108208.0312, -771730.6875, -21494.6895
4041,-110703.9844, -770356.7500, -20902.7031
4042,-113655.7500, -772003.8750, -20230.6094
4043,-116762.5078, -774644.6875, -19405.1562
4044,-119915.7578, -777733.4375, -18395.2500
4045,-122722.4453, -779023.2500, -17135.1367
4046,-126573.5000, -787516.2500, -15796.5283
4047,-127644.9922, -779792.5625, -13920.6133
4048,-128749.5469, -773985.6250, -11899.2461
4049,-130546.3203, -774124.3750, -9787.5254
4050,-132149.0000, -775072.7500, -7512.5327
4051,-133344.4844, -775828.3125, -5093.9087
4052,-134081.2031, -776301.6250, -2574.0361
4053,-134440.3906, -777097.5625, -2.2163
4054,-134271.5625, -777405.9375, 2572.2390
4055,-133604.2656, -777348.1875, 5097.4863
4056,-132526.9844, -777299.6250, 7525.8999
4057,-130902.7578, -776253.8125, 9805.2295
4058,-128890.6797, -774856.8750, 11904.5449
4059,-126602.7891, -773461.1250, 13803.7910
4060,-124317.0078, -773457.0000, 15515.7686
4061,-123071.5469, -781172.1250, 17180.5293
4062,-122062.8438, -791665.5000, 18723.4336
4063,-117424.4297, -779069.3125, 19516.0371
4064,-114360.3438, -776810.1875, 20347.2266
4065,-111117.2266, -773263.6250, 20966.8535
4066,-108041.7891, -770585.3750, 21449.8633
4067,-105208.5703, -769223.6875, 21826.8145
4068,-102898.3438, -771265.1250, 22173.1602
4069,-102128.2422, -784687.8125, 22734.5215
4070,-101663.6484, -800660.8750, 23283.5020
4071,-96381.4922, -777728.0000, 22625.1641
4072,-93479.4141, -772548.1875, 22402.2598
4073,-90797.8906, -768242.6250, 22159.6953
4074,-88492.0703, -766208.5000, 21945.1074
4075,-86540.5234, -766434.8125, 21760.2676
4076,-85115.0469, -770664.1875, 21653.3340
4077,-84890.2109, -785435.8750, 21802.8496
4078,-84648.5156, -800026.0625, 21928.3730
4079,-80535.9844, -776950.8125, 21013.8477
4080,-78330.6250, -770961.3125, 20540.6172
4081,-76376.1328, -766588.6875, 20116.1543
4082,-74779.6797, -765053.1250, 19769.9629
4083,-73502.7969, -766158.5000, 19490.1953
4084,-72635.8594, -771056.4375, 19298.1465
4085,-72596.9453, -784518.7500, 19303.6562
4086,-72370.7266, -795894.0000, 19264.8750
4087,-69404.3281, -776216.1875, 18482.5938
4088,-67771.2891, -770529.8750, 18020.5801
4089,-66321.6484, -766302.6250, 17607.0508
4090,-65161.8906, -764882.7500, 17268.3320
4091,-64268.9883, -766159.8125, 16993.5234
4092,-63697.3398, -770953.7500, 16791.7090
4093,-63723.6992, -782872.0625, 16732.3125
4094,-63565.2305, -792470.1875, 16636.6543
4095,-61143.6133, -773002.6875, 15937.2852
4096,-59656.6758, -764654.9375, 15450.3145
4097,-58304.3438, -757495.6250, 14997.1904
4098,-57180.6523, -752843.5000, 14595.3682
4099,-56281.8633, -750780.6250, 14232.1387
4100,-55654.1875, -752075.1875, 13904.8975
4101,-55409.4688, -758443.9375, 13625.4404
4102,-55722.0078, -772567.6250, 13418.9922
4103,-56807.5352, -797844.8750, 13319.6084
4104,-58817.9688, -836887.5625, 13352.9111
4105,0.2224, 0.4477, 0.0732
400001,-0.1073, 0.3417, -0.0889
400002,-0.3059, -0.4135, -0.2923
400003,-0.3073, 0.4152, 0.2971
400004,-0.1084, -0.3468, 0.1237
400005,1.0729, 0.0012, -3.6872
400006,0.7228, -0.0125, -0.3965
400007,0.7172, -0.0007, 4.2282
400008,0.7260, 0.0130, -0.3924
401001,-0.1503, 0.4844, 0.0550
401002,-0.4327, -0.5848, 0.3389
401003,-0.4267, 0.5762, -0.3302
401004,-0.1522, -0.4748, -0.0993
401005,1.4404, -0.0027, 3.5371
401006,0.9890, -0.0184, 0.5873
401007,0.7008, 0.0004, -4.1714
401008,0.9983, 0.0174, 0.5411
10001,219449056.0000, 0.0000, 0.0000
10001,219479632.0000, 0.0000, 0.0000
10001,219510224.0000, 0.0000, 0.0000
10002,219528048.0000, 0.0000, 0.0000
10002,219558672.0000, 0.0000, 0.0000
10002,219589328.0000, 0.0000, 0.0000
10003,219607184.0000, 0.0000, 0.0000
10003,219637872.0000, 0.0000, 0.0000
10003,219668576.0000, 0.0000, 0.0000
10004,219686464.0000, 0.0000, 0.0000
10004,219717216.0000, 0.0000, 0.0000
10004,219747984.0000, 0.0000, 0.0000
10005,219765904.0000, 0.0000, 0.0000
10005,219796704.0000, 0.0000, 0.0000
10005,219827536.0000, 0.0000, 0.0000
10006,219845488.0000, 0.0000, 0.0000
10006,219876352.0000, 0.0000, 0.0000
10006,219907232.0000, 0.0000, 0.0000
10007,219925216.0000, 0.0000, 0.0000
10007,219956128.0000, 0.0000, 0.0000
10007,219987072.0000, 0.0000, 0.0000
10008,220005088.0000, 0.0000, 0.0000
10008,220036064.0000, 0.0000, 0.0000
10008,220067072.0000, 0.0000, 0.0000
10009,220085120.0000, 0.0000, 0.0000
10009,220116144.0000, 0.0000, 0.0000
10009,220147200.0000, 0.0000, 0.0000
10010,220165296.0000, 0.0000, 0.0000
10010,220196384.0000, 0.0000, 0.0000
10010,220227488.0000, 0.0000, 0.0000
10011,220245600.0000, 0.0000, 0.0000
10011,220276752.0000, 0.0000, 0.0000
10011,220307920.0000, 0.0000, 0.0000
10012,220326080.0000, 0.0000, 0.0000
10012,220357280.0000, 0.0000, 0.0000
10012,220388496.0000, 0.0000, 0.0000
10013,220406688.0000, 0.0000, 0.0000
10013,220437952.0000, 0.0000, 0.0000
10013,220469232.0000, 0.0000, 0.0000
10014,220487440.0000, 0.0000, 0.0000
10014,220518768.0000, 0.0000, 0.0000
10014,220550096.0000, 0.0000, 0.0000
10015,220568352.0000, 0.0000, 0.0000
10015,220599728.0000, 0.0000, 0.0000
10015,220631120.0000, 0.0000, 0.0000
10016,220649408.0000, 0.0000, 0.0000
10016,220680832.0000, 0.0000, 0.0000
10016,220712288.0000, 0.0000, 0.0000
10017,220730592.0000, 0.0000, 0.0000
10017,220762080.0000, 0.0000, 0.0000
10017,220793600.0000, 0.0000, 0.0000
10018,220811936.0000, 0.0000, 0.0000
10018,220843488.0000, 0.0000, 0.0000
10018,220875056.0000, 0.0000, 0.0000
10019,220893424.0000, 0.0000, 0.0000
10019,220925024.0000, 0.0000, 0.0000
10019,220956656.0000, 0.0000, 0.0000
10020,220975056.0000, 0.0000, 0.0000
10020,221006720.0000, 0.0000, 0.0000
10020,221038400.0000, 0.0000, 0.0000
10021,221056848.0000, 0.0000, 0.0000
10021,221088560.0000, 0.0000, 0.0000
10021,221120288.0000, 0.0000, 0.0000
10022,221138768.0000, 0.0000, 0.0000
10022,221170528.0000, 0.0000, 0.0000
10022,221202320.0000, 0.0000, 0.0000
10023,221220832.0000, 0.0000, 0.0000
10023,221252656.0000, 0.0000, 0.0000
10023,221284512.0000, 0.0000, 0.0000
10024,221303056.0000, 0.0000, 0.0000
10024,221334928.0000, 0.0000, 0.0000
10024,221366832.0000, 0.0000, 0.0000
10025,221385408.0000, 0.0000, 0.0000
10025,221417344.0000, 0.0000, 0.0000
10025,221449312.0000, 0.0000, 0.0000
10026,221467920.0000, 0.0000, 0.0000
10026,221499904.0000, 0.0000, 0.0000
10026,221531920.0000, 0.0000, 0.0000
10027,221550560.0000, 0.0000, 0.0000
10027,221582608.0000, 0.0000, 0.0000
10027,221614672.0000, 0.0000, 0.0000
10028,221633360.0000, 0.0000, 0.0000
10028,221665456.0000, 0.0000, 0.0000
10028,221697584.0000, 0.0000, 0.0000
10029,221716288.0000, 0.0000, 0.0000
10029,221748448.0000, 0.0000, 0.0000
10029,221780624.0000, 0.0000, 0.0000
10030,221799376.0000, 0.0000, 0.0000
10030,221831584.0000, 0.0000, 0.0000
10030,221863824.0000, 0.0000, 0.0000
10031,221882592.0000, 0.0000, 0.0000
10031,221914864.0000, 0.0000, 0.0000
10031,221947152.0000, 0.0000, 0.0000
10032,221965968.0000, 0.0000, 0.0000
10032,221998288.0000, 0.0000, 0.0000
10032,222030640.0000, 0.0000, 0.0000
10033,222049472.0000, 0.0000, 0.0000
10033,222081856.0000, 0.0000, 0.0000
10033,222114256.0000, 0.0000, 0.0000
10034,222133120.0000, 0.0000, 0.0000
10034,222165568.0000, 0.0000, 0.0000
10034,222198016.0000, 0.0000, 0.0000
10035,222216928.0000, 0.0000, 0.0000
10035,222249408.0000, 0.0000, 0.0000
10035,222281936.0000, 0.0000, 0.0000
10036,222300864.0000, 0.0000, 0.0000
10036,222333408.0000, 0.0000, 0.0000
10036,222365984.0000, 0.0000, 0.0000
10037,222384944.0000, 0.0000, 0.0000
10037,222417552.0000, 0.0000, 0.0000
10037,222450176.0000, 0.0000, 0.0000
10038,222469168.0000, 0.0000, 0.0000
10038,222501824.0000, 0.0000, 0.0000
10038,222534512.0000, 0.0000, 0.0000
10039,222553536.0000, 0.0000, 0.0000
10039,222586256.0000, 0.0000, 0.0000
10039,222618992.0000, 0.0000, 0.0000
10040,222638048.0000, 0.0000, 0.0000
10040,222670816.0000, 0.0000, 0.0000
10040,222703600.0000, 0.0000, 0.0000
10041,222722704.0000, 0.0000, 0.0000
10041,222755520.0000, 0.0000, 0.0000
10041,222788368.0000, 0.0000, 0.0000
10042,222807488.0000, 0.0000, 0.0000
10042,222840368.0000, 0.0000, 0.0000
10042,222873264.0000, 0.0000, 0.0000
10043,222892432.0000, 0.0000, 0.0000
10043,222925360.0000, 0.0000, 0.0000
10043,222958320.0000, 0.0000, 0.0000
10044,222977504.0000, 0.0000, 0.0000
10044,223010496.0000, 0.0000, 0.0000
10044,223043504.0000, 0.0000, 0.0000
10045,223062720.0000, 0.0000, 0.0000
10045,223095760.0000, 0.0000, 0.0000
10045,223128832.0000, 0.0000, 0.0000
10046,223148080.0000, 0.0000, 0.0000
10046,223181184.0000, 0.0000, 0.0000
10046,223214304.0000, 0.0000, 0.0000
10047,223233584.0000, 0.0000, 0.0000
10047,223266736.0000, 0.0000, 0.0000
10047,223299904.0000, 0.0000, 0.0000
10048,223319232.0000, 0.0000, 0.0000
10048,223352432.0000, 0.0000, 0.0000
10048,223385616.0000, 0.0000, 0.0000
10049,223404768.0000, 0.0000, 0.0000
10049,223439056.0000, 0.0000, 0.0000
10049,223469392.0000, 0.0000, 0.0000
10050,223478080.0000, 0.0000, 0.0000
10050,223561216.0000, 0.0000, 0.0000
10050,223462096.0000, 0.0000, 0.0000
10051,209171632.0000, 0.0000, 0.0000
10051,209288624.0000, 0.0000, 0.0000
10051,209213872.0000, 0.0000, 0.0000
10052,208976240.0000, 0.0000, 0.0000
10052,208935232.0000, 0.0000, 0.0000
10052,208892416.0000, 0.0000, 0.0000
10053,208650768.0000, 0.0000, 0.0000
10053,208610528.0000, 0.0000, 0.0000
10053,208568720.0000, 0.0000, 0.0000
10054,208337728.0000, 0.0000, 0.0000
10054,208298592.0000, 0.0000, 0.0000
10054,208257488.0000, 0.0000, 0.0000
10055,208034288.0000, 0.0000, 0.0000
10055,207995984.0000, 0.0000, 0.0000
10055,207955712.0000, 0.0000, 0.0000
10056,207738160.0000, 0.0000, 0.0000
10056,207700656.0000, 0.0000, 0.0000
10056,207661200.0000, 0.0000, 0.0000
10057,207448048.0000, 0.0000, 0.0000
10057,207411344.0000, 0.0000, 0.0000
10057,207372688.0000, 0.0000, 0.0000
10058,207163216.0000, 0.0000, 0.0000
10058,207127328.0000, 0.0000, 0.0000
10058,207089488.0000, 0.0000, 0.0000
10059,206883344.0000, 0.0000, 0.0000
10059,206848272.0000, 0.0000, 0.0000
10059,206811232.0000, 0.0000, 0.0000
10060,206608192.0000, 0.0000, 0.0000
10060,206573936.0000, 0.0000, 0.0000
10060,206537696.0000, 0.0000, 0.0000
10061,206337472.0000, 0.0000, 0.0000
10061,206304048.0000, 0.0000, 0.0000
10061,206268592.0000, 0.0000, 0.0000
10062,206070752.0000, 0.0000, 0.0000
10062,206038272.0000, 0.0000, 0.0000
10062,206003376.0000, 0.0000, 0.0000
10063,205975600.0000, 0.0000, 0.0000
10063,205810864.0000, 0.0000, 0.0000
10063,205323104.0000, 0.0000, 0.0000
10064,205168976.0000, 0.0000, 0.0000
10064,205549648.0000, 0.0000, 0.0000
10064,205609216.0000, 0.0000, 0.0000
10065,205293600.0000, 0.0000, 0.0000
10065,205263264.0000, 0.0000, 0.0000
10065,205231280.0000, 0.0000, 0.0000
10066,205049520.0000, 0.0000, 0.0000
10066,205020192.0000, 0.0000, 0.0000
10066,204988960.0000, 0.0000, 0.0000
10067,204812512.0000, 0.0000, 0.0000
10067,204784016.0000, 0.0000, 0.0000
10067,204753600.0000, 0.0000, 0.0000
10068,204581536.0000, 0.0000, 0.0000
10068,204553872.0000, 0.0000, 0.0000
10068,204524272.0000, 0.0000, 0.0000
10069,204355984.0000, 0.0000, 0.0000
10069,204329152.0000, 0.0000, 0.0000
10069,204300336.0000, 0.0000, 0.0000
10070,204135264.0000, 0.0000, 0.0000
10070,204109344.0000, 0.0000, 0.0000
10070,204081152.0000, 0.0000, 0.0000
10071,204028704.0000, 0.0000, 0.0000
10071,203916000.0000, 0.0000, 0.0000
10071,203598160.0000, 0.0000, 0.0000
10072,203469968.0000, 0.0000, 0.0000
10072,203702464.0000, 0.0000, 0.0000
10072,203731280.0000, 0.0000, 0.0000
10073,203499344.0000, 0.0000, 0.0000
10073,203475648.0000, 0.0000, 0.0000
10073,203450272.0000, 0.0000, 0.0000
10074,203301584.0000, 0.0000, 0.0000
10074,203278848.0000, 0.0000, 0.0000
10074,203254240.0000, 0.0000, 0.0000
10075,203110432.0000, 0.0000, 0.0000
10075,203088528.0000, 0.0000, 0.0000
10075,203064736.0000, 0.0000, 0.0000
10076,202925120.0000, 0.0000, 0.0000
10076,202904048.0000, 0.0000, 0.0000
10076,202881072.0000, 0.0000, 0.0000
10077,202745232.0000, 0.0000, 0.0000
10077,202724992.0000, 0.0000, 0.0000
10077,202702816.0000, 0.0000, 0.0000
10078,202570352.0000, 0.0000, 0.0000
10078,202551008.0000, 0.0000, 0.0000
10078,202529520.0000, 0.0000, 0.0000
10079,202463936.0000, 0.0000, 0.0000
10079,202393968.0000, 0.0000, 0.0000
10079,202210048.0000, 0.0000, 0.0000
10080,202106640.0000, 0.0000, 0.0000
10080,202227120.0000, 0.0000, 0.0000
10080,202234624.0000, 0.0000, 0.0000
10081,202073824.0000, 0.0000, 0.0000
10081,202056784.0000, 0.0000, 0.0000
10081,202038048.0000, 0.0000, 0.0000
10082,201922560.0000, 0.0000, 0.0000
10082,201906448.0000, 0.0000, 0.0000
10082,201888480.0000, 0.0000, 0.0000
10083,201777744.0000, 0.0000, 0.0000
10083,201762464.0000, 0.0000, 0.0000
10083,201745312.0000, 0.0000, 0.0000
10084,201638816.0000, 0.0000, 0.0000
10084,201624352.0000, 0.0000, 0.0000
10084,201608032.0000, 0.0000, 0.0000
10085,201505584.0000, 0.0000, 0.0000
10085,201491968.0000, 0.0000, 0.0000
10085,201476448.0000, 0.0000, 0.0000
10086,201377904.0000, 0.0000, 0.0000
10086,201365168.0000, 0.0000, 0.0000
10086,201350368.0000, 0.0000, 0.0000
10087,201285744.0000, 0.0000, 0.0000
10087,201249152.0000, 0.0000, 0.0000
10087,201162896.0000, 0.0000, 0.0000
10088,201087168.0000, 0.0000, 0.0000
10088,201131984.0000, 0.0000, 0.0000
10088,201127760.0000, 0.0000, 0.0000
10089,201028432.0000, 0.0000, 0.0000
10089,201018080.0000, 0.0000, 0.0000
10089,201005952.0000, 0.0000, 0.0000
10090,200926512.0000, 0.0000, 0.0000
10090,200917040.0000, 0.0000, 0.0000
10090,200905728.0000, 0.0000, 0.0000
10091,200831392.0000, 0.0000, 0.0000
10091,200822752.0000, 0.0000, 0.0000
10091,200812256.0000, 0.0000, 0.0000
10092,200742928.0000, 0.0000, 0.0000
10092,200735120.0000, 0.0000, 0.0000
10092,200725440.0000, 0.0000, 0.0000
10093,200661248.0000, 0.0000, 0.0000
10093,200654272.0000, 0.0000, 0.0000
10093,200645424.0000, 0.0000, 0.0000
10094,200586544.0000, 0.0000, 0.0000
10094,200580432.0000, 0.0000, 0.0000
10094,200572368.0000, 0.0000, 0.0000
10095,200527728.0000, 0.0000, 0.0000
10095,200515088.0000, 0.0000, 0.0000
10095,200490080.0000, 0.0000, 0.0000
10096,200450112.0000, 0.0000, 0.0000
10096,200455792.0000, 0.0000, 0.0000
10096,200449360.0000, 0.0000, 0.0000
10097,200407472.0000, 0.0000, 0.0000
10097,200403808.0000, 0.0000, 0.0000
10097,200398320.0000, 0.0000, 0.0000
10098,200364096.0000, 0.0000, 0.0000
10098,200361280.0000, 0.0000, 0.0000
10098,200356608.0000, 0.0000, 0.0000
10099,200328944.0000, 0.0000, 0.0000
10099,200326960.0000, 0.0000, 0.0000
10099,200323120.0000, 0.0000, 0.0000
10100,200302176.0000, 0.0000, 0.0000
10100,200301040.0000, 0.0000, 0.0000
10100,200298016.0000, 0.0000, 0.0000
10101,200283968.0000, 0.0000, 0.0000
10101,200283648.0000, 0.0000, 0.0000
10101,200281472.0000, 0.0000, 0.0000
10102,200274400.0000, 0.0000, 0.0000
10102,200274928.0000, 0.0000, 0.0000
10102,200273568.0000, 0.0000, 0.0000
10103,200273120.0000, 0.0000, 0.0000
10103,200274928.0000, 0.0000, 0.0000
10103,200274672.0000, 0.0000, 0.0000
10104,200280640.0000, 0.0000, 0.0000
10104,200283664.0000, 0.0000, 0.0000
10104,200284576.0000, 0.0000, 0.0000
10105,200298016.0000, 0.0000, 0.0000
10105,200301040.0000, 0.0000, 0.0000
10105,200302176.0000, 0.0000, 0.0000
10106,200323184.0000, 0.0000, 0.0000
10106,200327024.0000, 0.0000, 0.0000
10106,200329008.0000, 0.0000, 0.0000
10107,200356752.0000, 0.0000, 0.0000
10107,200361424.0000, 0.0000, 0.0000
10107,200364240.0000, 0.0000, 0.0000
10108,200398512.0000, 0.0000, 0.0000
10108,200404032.0000, 0.0000, 0.0000
10108,200407664.0000, 0.0000, 0.0000
10109,200448272.0000, 0.0000, 0.0000
10109,200454608.0000, 0.0000, 0.0000
10109,200459072.0000, 0.0000, 0.0000
10110,200505840.0000, 0.0000, 0.0000
10110,200512992.0000, 0.0000, 0.0000
10110,200518336.0000, 0.0000, 0.0000
10111,200574576.0000, 0.0000, 0.0000
10111,200581344.0000, 0.0000, 0.0000
10111,200569296.0000, 0.0000, 0.0000
10112,200619312.0000, 0.0000, 0.0000
10112,200656208.0000, 0.0000, 0.0000
10112,200673952.0000, 0.0000, 0.0000
10113,200725808.0000, 0.0000, 0.0000
10113,200735552.0000, 0.0000, 0.0000
10113,200743328.0000, 0.0000, 0.0000
10114,200813104.0000, 0.0000, 0.0000
10114,200823616.0000, 0.0000, 0.0000
10114,200832256.0000, 0.0000, 0.0000
10115,200906896.0000, 0.0000, 0.0000
10115,200918240.0000, 0.0000, 0.0000
10115,200927712.0000, 0.0000, 0.0000
10116,201007088.0000, 0.0000, 0.0000
10116,201019248.0000, 0.0000, 0.0000
10116,201029552.0000, 0.0000, 0.0000
10117,201113616.0000, 0.0000, 0.0000
10117,201126608.0000, 0.0000, 0.0000
10117,201137744.0000, 0.0000, 0.0000
10118,201226720.0000, 0.0000, 0.0000
10118,201240512.0000, 0.0000, 0.0000
10118,201252528.0000, 0.0000, 0.0000
10119,201366544.0000, 0.0000, 0.0000
10119,201368736.0000, 0.0000, 0.0000
10119,201308416.0000, 0.0000, 0.0000
10120,201391568.0000, 0.0000, 0.0000
10120,201498832.0000, 0.0000, 0.0000
10120,201542880.0000, 0.0000, 0.0000
10121,201609248.0000, 0.0000, 0.0000
10121,201625712.0000, 0.0000, 0.0000
10121,201640112.0000, 0.0000, 0.0000
10122,201747392.0000, 0.0000, 0.0000
10122,201764576.0000, 0.0000, 0.0000
10122,201779856.0000, 0.0000, 0.0000
10123,201890864.0000, 0.0000, 0.0000
10123,201908848.0000, 0.0000, 0.0000
10123,201924960.0000, 0.0000, 0.0000
10124,202039904.0000, 0.0000, 0.0000
10124,202058720.0000, 0.0000, 0.0000
10124,202075648.0000, 0.0000, 0.0000
10125,202194800.0000, 0.0000, 0.0000
10125,202214416.0000, 0.0000, 0.0000
10125,202232192.0000, 0.0000, 0.0000
10126,202356096.0000, 0.0000, 0.0000
10126,202376512.0000, 0.0000, 0.0000
10126,202395200.0000, 0.0000, 0.0000
10127,202572768.0000, 0.0000, 0.0000
10127,202560832.0000, 0.0000, 0.0000
10127,202415760.0000, 0.0000, 0.0000
10128,202525504.0000, 0.0000, 0.0000
10128,202739520.0000, 0.0000, 0.0000
10128,202819296.0000, 0.0000, 0.0000
10129,202882832.0000, 0.0000, 0.0000
10129,202906016.0000, 0.0000, 0.0000
10129,202926992.0000, 0.0000, 0.0000
10130,203067680.0000, 0.0000, 0.0000
10130,203091520.0000, 0.0000, 0.0000
10130,203113408.0000, 0.0000, 0.0000
10131,203257424.0000, 0.0000, 0.0000
10131,203282064.0000, 0.0000, 0.0000
10131,203304784.0000, 0.0000, 0.0000
10132,203452560.0000, 0.0000, 0.0000
10132,203478016.0000, 0.0000, 0.0000
10132,203501568.0000, 0.0000, 0.0000
10133,203653568.0000, 0.0000, 0.0000
10133,203679824.0000, 0.0000, 0.0000
10133,203704208.0000, 0.0000, 0.0000
10134,203861152.0000, 0.0000, 0.0000
10134,203888176.0000, 0.0000, 0.0000
10134,203913536.0000, 0.0000, 0.0000
10135,204165104.0000, 0.0000, 0.0000
10135,204129488.0000, 0.0000, 0.0000
10135,203863328.0000, 0.0000, 0.0000
10136,203997664.0000, 0.0000, 0.0000
10136,204354624.0000, 0.0000, 0.0000
10136,204479472.0000, 0.0000, 0.0000
10137,204526752.0000, 0.0000, 0.0000
10137,204556624.0000, 0.0000, 0.0000
10137,204584176.0000, 0.0000, 0.0000
10138,204757504.0000, 0.0000, 0.0000
10138,204787984.0000, 0.0000, 0.0000
10138,204816464.0000, 0.0000, 0.0000
10139,204992960.0000, 0.0000, 0.0000
10139,205024240.0000, 0.0000, 0.0000
10139,205053552.0000, 0.0000, 0.0000
10140,205233760.0000, 0.0000, 0.0000
10140,205265856.0000, 0.0000, 0.0000
10140,205295984.0000, 0.0000, 0.0000
10141,205480496.0000, 0.0000, 0.0000
10141,205513392.0000, 0.0000, 0.0000
10141,205544368.0000, 0.0000, 0.0000
10142,205733968.0000, 0.0000, 0.0000
10142,205767600.0000, 0.0000, 0.0000
10142,205799584.0000, 0.0000, 0.0000
10143,206137088.0000, 0.0000, 0.0000
10143,206068336.0000, 0.0000, 0.0000
10143,205644992.0000, 0.0000, 0.0000
10144,205803792.0000, 0.0000, 0.0000
10144,206339584.0000, 0.0000, 0.0000
10144,206518768.0000, 0.0000, 0.0000
10145,206536896.0000, 0.0000, 0.0000
10145,206573440.0000, 0.0000, 0.0000
10145,206607552.0000, 0.0000, 0.0000
10146,206812128.0000, 0.0000, 0.0000
10146,206849232.0000, 0.0000, 0.0000
10146,206884288.0000, 0.0000, 0.0000
10147,207091136.0000, 0.0000, 0.0000
10147,207128992.0000, 0.0000, 0.0000
10147,207164880.0000, 0.0000, 0.0000
10148,207374544.0000, 0.0000, 0.0000
10148,207413200.0000, 0.0000, 0.0000
10148,207449904.0000, 0.0000, 0.0000
10149,207662976.0000, 0.0000, 0.0000
10149,207702448.0000, 0.0000, 0.0000
10149,207739952.0000, 0.0000, 0.0000
10150,207957264.0000, 0.0000, 0.0000
10150,207997552.0000, 0.0000, 0.0000
10150,208035856.0000, 0.0000, 0.0000
10151,208258768.0000, 0.0000, 0.0000
10151,208299856.0000, 0.0000, 0.0000
10151,208339008.0000, 0.0000, 0.0000
10152,208569648.0000, 0.0000, 0.0000
10152,208611456.0000, 0.0000, 0.0000
10152,208651696.0000, 0.0000, 0.0000
10153,208892928.0000, 0.0000, 0.0000
10153,208935744.0000, 0.0000, 0.0000
10153,208976752.0000, 0.0000, 0.0000
10154,209213856.0000, 0.0000, 0.0000
10154,209288608.0000, 0.0000, 0.0000
10154,209171616.0000, 0.0000, 0.0000
10155,223462096.0000, 0.0000, 0.0000
10155,223561216.0000, 0.0000, 0.0000
10155,223478080.0000, 0.0000, 0.0000
10156,223469392.0000, 0.0000, 0.0000
10156,223439056.0000, 0.0000, 0.0000
10156,223404768.0000, 0.0000, 0.0000
10157,223385616.0000, 0.0000, 0.0000
10157,223352432.0000, 0.0000, 0.0000
10157,223319232.0000, 0.0000, 0.0000
10158,223299904.0000, 0.0000, 0.0000
10158,223266736.0000, 0.0000, 0.0000
10158,223233584.0000, 0.0000, 0.0000
10159,223214304.0000, 0.0000, 0.0000
10159,223181184.0000, 0.0000, 0.0000
10159,223148080.0000, 0.0000, 0.0000
10160,223128832.0000, 0.0000, 0.0000
10160,223095760.0000, 0.0000, 0.0000
10160,223062720.0000, 0.0000, 0.0000
10161,223043504.0000, 0.0000, 0.0000
10161,223010496.0000, 0.0000, 0.0000
10161,222977504.0000, 0.0000, 0.0000
10162,222958320.0000, 0.0000, 0.0000
10162,222925360.0000, 0.0000, 0.0000
10162,222892432.0000, 0.0000, 0.0000
10163,222873264.0000, 0.0000, 0.0000
10163,222840368.0000, 0.0000, 0.0000
10163,222807488.0000, 0.0000, 0.0000
10164,222788368.0000, 0.0000, 0.0000
10164,222755520.0000, 0.0000, 0.0000
10164,222722704.0000, 0.0000, 0.0000
10165,222703600.0000, 0.0000, 0.0000
10165,222670816.0000, 0.0000, 0.0000
10165,222638048.0000, 0.0000, 0.0000
10166,222618992.0000, 0.0000, 0.0000
10166,222586256.0000, 0.0000, 0.0000
10166,222553536.0000, 0.0000, 0.0000
10167,222534512.0000, 0.0000, 0.0000
10167,222501824.0000, 0.0000, 0.0000
10167,222469168.0000, 0.0000, 0.0000
10168,222450176.0000, 0.0000, 0.0000
10168,222417552.0000, 0.0000, 0.0000
10168,222384944.0000, 0.0000, 0.0000
10169,222365984.0000, 0.0000, 0.0000
10169,222333408.0000, 0.0000, 0.0000
10169,222300864.0000, 0.0000, 0.0000
10170,222281936.0000, 0.0000, 0.0000
10170,222249408.0000, 0.0000, 0.0000
10170,222216928.0000, 0.0000, 0.0000
10171,222198016.0000, 0.0000, 0.0000
10171,222165568.0000, 0.0000, 0.0000
10171,222133120.0000, 0.0000, 0.0000
10172,222114256.0000, 0.0000, 0.0000
10172,222081856.0000, 0.0000, 0.0000
10172,222049472.0000, 0.0000, 0.0000
10173,222030640.0000, 0.0000, 0.0000
10173,221998288.0000, 0.0000, 0.0000
10173,221965968.0000, 0.0000, 0.0000
10174,221947152.0000, 0.0000, 0.0000
10174,221914864.0000, 0.0000, 0.0000
10174,221882592.0000, 0.0000, 0.0000
10175,221863824.0000, 0.0000, 0.0000
10175,221831584.0000, 0.0000, 0.0000
10175,221799376.0000, 0.0000, 0.0000
10176,221780624.0000, 0.0000, 0.0000
10176,221748448.0000, 0.0000, 0.0000
10176,221716288.0000, 0.0000, 0.0000
10177,221697584.0000, 0.0000, 0.0000
10177,221665456.0000, 0.0000, 0.0000
10177,221633360.0000, 0.0000, 0.0000
10178,221614672.0000, 0.0000, 0.0000
10178,221582608.0000, 0.0000, 0.0000
10178,221550560.0000, 0.0000, 0.0000
10179,221531920.0000, 0.0000, 0.0000
10179,221499904.0000, 0.0000, 0.0000
10179,221467920.0000, 0.0000, 0.0000
10180,221449312.0000, 0.0000, 0.0000
10180,221417344.0000, 0.0000, 0.0000
10180,221385408.0000, 0.0000, 0.0000
10181,221366832.0000, 0.0000, 0.0000
10181,221334928.0000, 0.0000, 0.0000
10181,221303056.0000, 0.0000, 0.0000
10182,221284512.0000, 0.0000, 0.0000
10182,221252656.0000, 0.0000, 0.0000
10182,221220832.0000, 0.0000, 0.0000
10183,221202320.0000, 0.0000, 0.0000
10183,221170528.0000, 0.0000, 0.0000
10183,221138768.0000, 0.0000, 0.0000
10184,221120288.0000, 0.0000, 0.0000
10184,221088560.0000, 0.0000, 0.0000
10184,221056848.0000, 0.0000, 0.0000
10185,221038400.0000, 0.0000, 0.0000
10185,221006720.0000, 0.0000, 0.0000
10185,220975056.0000, 0.0000, 0.0000
10186,220956656.0000, 0.0000, 0.0000
10186,220925024.0000, 0.0000, 0.0000
10186,220893424.0000, 0.0000, 0.0000
10187,220875056.0000, 0.0000, 0.0000
10187,220843488.0000, 0.0000, 0.0000
10187,220811936.0000, 0.0000, 0.0000
10188,220793600.0000, 0.0000, 0.0000
10188,220762080.0000, 0.0000, 0.0000
10188,220730592.0000, 0.0000, 0.0000
10189,220712288.0000, 0.0000, 0.0000
10189,220680832.0000, 0.0000, 0.0000
10189,220649408.0000, 0.0000, 0.0000
10190,220631120.0000, 0.0000, 0.0000
10190,220599728.0000, 0.0000, 0.0000
10190,220568352.0000, 0.0000, 0.0000
10191,220550096.0000, 0.0000, 0.0000
10191,220518768.0000, 0.0000, 0.0000
10191,220487440.0000, 0.0000, 0.0000
10192,220469232.0000, 0.0000, 0.0000
10192,220437952.0000, 0.0000, 0.0000
10192,220406688.0000, 0.0000, 0.0000
10193,220388496.0000, 0.0000, 0.0000
10193,220357280.0000, 0.0000, 0.0000
10193,220326080.0000, 0.0000, 0.0000
10194,220307920.0000, 0.0000, 0.0000
10194,220276752.0000, 0.0000, 0.0000
10194,220245600.0000, 0.0000, 0.0000
10195,220227488.0000, 0.0000, 0.0000
10195,220196384.0000, 0.0000, 0.0000
10195,220165296.0000, 0.0000, 0.0000
10196,220147200.0000, 0.0000, 0.0000
10196,220116144.0000, 0.0000, 0.0000
10196,220085120.0000, 0.0000, 0.0000
10197,220067072.0000, 0.0000, 0.0000
10197,220036064.0000, 0.0000, 0.0000
10197,220005088.0000, 0.0000, 0.0000
10198,219987072.0000, 0.0000, 0.0000
10198,219956128.0000, 0.0000, 0.0000
10198,219925216.0000, 0.0000, 0.0000
10199,219907232.0000, 0.0000, 0.0000
10199,219876352.0000, 0.0000, 0.0000
10199,219845488.0000, 0.0000, 0.0000
10200,219827536.0000, 0.0000, 0.0000
10200,219796704.0000, 0.0000, 0.0000
10200,219765904.0000, 0.0000, 0.0000
10201,219747984.0000, 0.0000, 0.0000
10201,219717216.0000, 0.0000, 0.0000
10201,219686464.0000, 0.0000, 0.0000
10202,219668576.0000, 0.0000, 0.0000
10202,219637872.0000, 0.0000, 0.0000
10202,219607184.0000, 0.0000, 0.0000
10203,219589328.0000, 0.0000, 0.0000
10203,219558672.0000, 0.0000, 0.0000
10203,219528048.0000, 0.0000, 0.0000
10204,219510224.0000, 0.0000, 0.0000
10204,219479632.0000, 0.0000, 0.0000
10204,219449056.0000, 0.0000, 0.0000
20001,219449056.0000, 0.0000, 0.0000
20001,219479632.0000, 0.0000, 0.0000
20001,219510224.0000, 0.0000, 0.0000
20002,219528048.0000, 0.0000, 0.0000
20002,219558672.0000, 0.0000, 0.0000
20002,219589328.0000, 0.0000, 0.0000
20003,219607184.0000, 0.0000, 0.0000
20003,219637872.0000, 0.0000, 0.0000
20003,219668576.0000, 0.0000, 0.0000
20004,219686464.0000, 0.0000, 0.0000
20004,219717216.0000, 0.0000, 0.0000
20004,219747984.0000, 0.0000, 0.0000
20005,219765904.0000, 0.0000, 0.0000
20005,219796704.0000, 0.0000, 0.0000
20005,219827536.0000, 0.0000, 0.0000
20006,219845488.0000, 0.0000, 0.0000
20006,219876352.0000, 0.0000, 0.0000
20006,219907232.0000, 0.0000, 0.0000
20007,219925216.0000, 0.0000, 0.0000
20007,219956128.0000, 0.0000, 0.0000
20007,219987072.0000, 0.0000, 0.0000
20008,220005088.0000, 0.0000, 0.0000
20008,220036064.0000, 0.0000, 0.0000
20008,220067072.0000, 0.0000, 0.0000
20009,220085120.0000, 0.0000, 0.0000
20009,220116144.0000, 0.0000, 0.0000
20009,220147200.0000, 0.0000, 0.0000
20010,220165296.0000, 0.0000, 0.0000
20010,220196384.0000, 0.0000, 0.0000
20010,220227488.0000, 0.0000, 0.0000
20011,220245600.0000, 0.0000, 0.0000
20011,220276752.0000, 0.0000, 0.0000
20011,220307920.0000, 0.0000, 0.0000
20012,220326080.0000, 0.0000, 0.0000
20012,220357280.0000, 0.0000, 0.0000
20012,220388496.0000, 0.0000, 0.0000
20013,220406688.0000, 0.0000, 0.0000
20013,220437952.0000, 0.0000, 0.0000
20013,220469232.0000, 0.0000, 0.0000
20014,220487440.0000, 0.0000, 0.0000
20014,220518768.0000, 0.0000, 0.0000
20014,220550096.0000, 0.0000, 0.0000
20015,220568352.0000, 0.0000, 0.0000
20015,220599728.0000, 0.0000, 0.0000
20015,220631120.0000, 0.0000, 0.0000
20016,220649408.0000, 0.0000, 0.0000
20016,220680832.0000, 0.0000, 0.0000
20016,220712288.0000, 0.0000, 0.0000
20017,220730592.0000, 0.0000, 0.0000
20017,220762080.0000, 0.0000, 0.0000
20017,220793600.0000, 0.0000, 0.0000
20018,220811936.0000, 0.0000, 0.0000
20018,220843488.0000, 0.0000, 0.0000
20018,220875056.0000, 0.0000, 0.0000
20019,220893424.0000, 0.0000, 0.0000
20019,220925024.0000, 0.0000, 0.0000
20019,220956656.0000, 0.0000, 0.0000
20020,220975056.0000, 0.0000, 0.0000
20020,221006720.0000, 0.0000, 0.0000
20020,221038400.0000, 0.0000, 0.0000
20021,221056848.0000, 0.0000, 0.0000
20021,221088560.0000, 0.0000, 0.0000
20021,221120288.0000, 0.0000, 0.0000
20022,221138768.0000, 0.0000, 0.0000
20022,221170528.0000, 0.0000, 0.0000
20022,221202320.0000, 0.0000, 0.0000
20023,221220832.0000, 0.0000, 0.0000
20023,221252656.0000, 0.0000, 0.0000
20023,221284512.0000, 0.0000, 0.0000
20024,221303056.0000, 0.0000, 0.0000
20024,221334928.0000, 0.0000, 0.0000
20024,221366832.0000, 0.0000, 0.0000
20025,221385408.0000, 0.0000, 0.0000
20025,221417344.0000, 0.0000, 0.0000
20025,221449312.0000, 0.0000, 0.0000
20026,221467920.0000, 0.0000, 0.0000
20026,221499904.0000, 0.0000, 0.0000
20026,221531920.0000, 0.0000, 0.0000
20027,221550560.0000, 0.0000, 0.0000
20027,221582608.0000, 0.0000, 0.0000
20027,221614672.0000, 0.0000, 0.0000
20028,221633360.0000, 0.0000, 0.0000
20028,221665456.0000, 0.0000, 0.0000
20028,221697584.0000, 0.0000, 0.0000
20029,221716288.0000, 0.0000, 0.0000
20029,221748448.0000, 0.0000, 0.0000
20029,221780624.0000, 0.0000, 0.0000
20030,221799376.0000, 0.0000, 0.0000
20030,221831584.0000, 0.0000, 0.0000
20030,221863824.0000, 0.0000, 0.0000
20031,221882592.0000, 0.0000, 0.0000
20031,221914864.0000, 0.0000, 0.0000
20031,221947152.0000, 0.0000, 0.0000
20032,221965968.0000, 0.0000, 0.0000
20032,221998288.0000, 0.0000, 0.0000
20032,222030640.0000, 0.0000, 0.0000
20033,222049472.0000, 0.0000, 0.0000
20033,222081856.0000, 0.0000, 0.0000
20033,222114256.0000, 0.0000, 0.0000
20034,222133120.0000, 0.0000, 0.0000
20034,222165568.0000, 0.0000, 0.0000
20034,222198016.0000, 0.0000, 0.0000
20035,222216928.0000, 0.0000, 0.0000
20035,222249408.0000, 0.0000, 0.0000
20035,222281936.0000, 0.0000, 0.0000
20036,222300864.0000, 0.0000, 0.0000
20036,222333408.0000, 0.0000, 0.0000
20036,222365984.0000, 0.0000, 0.0000
20037,222384944.0000, 0.0000, 0.0000
20037,222417552.0000, 0.0000, 0.0000
20037,222450176.0000, 0.0000, 0.0000
20038,222469168.0000, 0.0000, 0.0000
20038,222501824.0000, 0.0000, 0.0000
20038,222534512.0000, 0.0000, 0.0000
20039,222553536.0000, 0.0000, 0.0000
20039,222586256.0000, 0.0000, 0.0000
20039,222618992.0000, 0.0000, 0.0000
20040,222638048.0000, 0.0000, 0.0000
20040,222670816.0000, 0.0000, 0.0000
20040,222703600.0000, 0.0000, 0.0000
20041,222722704.0000, 0.0000, 0.0000
20041,222755520.0000, 0.0000, 0.0000
20041,222788368.0000, 0.0000, 0.0000
20042,222807488.0000, 0.0000, 0.0000
20042,222840368.0000, 0.0000, 0.0000
20042,222873264.0000, 0.0000, 0.0000
20043,222892432.0000, 0.0000, 0.0000
20043,222925360.0000, 0.0000, 0.0000
20043,222958320.0000, 0.0000, 0.0000
20044,222977504.0000, 0.0000, 0.0000
20044,223010496.0000, 0.0000, 0.0000
20044,223043504.0000, 0.0000, 0.0000
20045,223062720.0000, 0.0000, 0.0000
20045,223095760.0000, 0.0000, 0.0000
20045,223128832.0000, 0.0000, 0.0000
20046,223148080.0000, 0.0000, 0.0000
20046,223181184.0000, 0.0000, 0.0000
20046,223214304.0000, 0.0000, 0.0000
20047,223233584.0000, 0.0000, 0.0000
20047,223266736.0000, 0.0000, 0.0000
20047,223299904.0000, 0.0000, 0.0000
20048,223319232.0000, 0.0000, 0.0000
20048,223352432.0000, 0.0000, 0.0000
20048,223385616.0000, 0.0000, 0.0000
20049,223404768.0000, 0.0000, 0.0000
20049,223439056.0000, 0.0000, 0.0000
20049,223469392.0000, 0.0000, 0.0000
20050,223478080.0000, 0.0000, 0.0000
20050,223561216.0000, 0.0000, 0.0000
20050,223462096.0000, 0.0000, 0.0000
20051,209171632.0000, 0.0000, 0.0000
20051,209288624.0000, 0.0000, 0.0000
20051,209213872.0000, 0.0000, 0.0000
20052,208976240.0000, 0.0000, 0.0000
20052,208935232.0000, 0.0000, 0.0000
20052,208892416.0000, 0.0000, 0.0000
20053,208650768.0000, 0.0000, 0.0000
20053,208610528.0000, 0.0000, 0.0000
20053,208568720.0000, 0.0000, 0.0000
20054,208337728.0000, 0.0000, 0.0000
20054,208298592.0000, 0.0000, 0.0000
20054,208257488.0000, 0.0000, 0.0000
20055,208034288.0000, 0.0000, 0.0000
20055,207995984.0000, 0.0000, 0.0000
20055,207955712.0000, 0.0000, 0.0000
20056,207738160.0000, 0.0000, 0.0000
20056,207700656.0000, 0.0000, 0.0000
20056,207661200.0000, 0.0000, 0.0000
20057,207448048.0000, 0.0000, 0.0000
20057,207411344.0000, 0.0000, 0.0000
20057,207372688.0000, 0.0000, 0.0000
20058,207163216.0000, 0.0000, 0.0000
20058,207127328.0000, 0.0000, 0.0000
20058,207089488.0000, 0.0000, 0.0000
20059,206883344.0000, 0.0000, 0.0000
20059,206848272.0000, 0.0000, 0.0000
20059,206811232.0000, 0.0000, 0.0000
20060,206608192.0000, 0.0000, 0.0000
20060,206573936.0000, 0.0000, 0.0000
20060,206537696.0000, 0.0000, 0.0000
20061,206337472.0000, 0.0000, 0.0000
20061,206304048.0000, 0.0000, 0.0000
20061,206268592.0000, 0.0000, 0.0000
20062,206070752.0000, 0.0000, 0.0000
20062,206038272.0000, 0.0000, 0.0000
20062,206003376.0000, 0.0000, 0.0000
20063,205975600.0000, 0.0000, 0.0000
20063,205810864.0000, 0.0000, 0.0000
20063,205323104.0000, 0.0000, 0.0000
20064,205168976.0000, 0.0000, 0.0000
20064,205549648.0000, 0.0000, 0.0000
20064,205609216.0000, 0.0000, 0.0000
20065,205293600.0000, 0.0000, 0.0000
20065,205263264.0000, 0.0000, 0.0000
20065,205231280.0000, 0.0000, 0.0000
20066,205049520.0000, 0.0000, 0.0000
20066,205020192.0000, 0.0000, 0.0000
20066,204988960.0000, 0.0000, 0.0000
20067,204812512.0000, 0.0000, 0.0000
20067,204784016.0000, 0.0000, 0.0000
20067,204753600.0000, 0.0000, 0.0000
20068,204581536.0000, 0.0000, 0.0000
20068,204553872.0000, 0.0000, 0.0000
20068,204524272.0000, 0.0000, 0.0000
20069,204355984.0000, 0.0000, 0.0000
20069,204329152.0000, 0.0000, 0.0000
20069,204300336.0000, 0.0000, 0.0000
20070,204135264.0000, 0.0000, 0.0000
20070,204109344.0000, 0.0000, 0.0000
20070,204081152.0000, 0.0000, 0.0000
20071,204028704.0000, 0.0000, 0.0000
20071,203916000.0000, 0.0000, 0.0000
20071,203598160.0000, 0.0000, 0.0000
20072,203469968.0000, 0.0000, 0.0000
20072,203702464.0000, 0.0000, 0.0000
20072,203731280.0000, 0.0000, 0.0000
20073,203499344.0000, 0.0000, 0.0000
20073,203475648.0000, 0.0000, 0.0000
20073,203450272.0000, 0.0000, 0.0000
20074,203301584.0000, 0.0000, 0.0000
20074,203278848.0000, 0.0000, 0.0000
20074,203254240.0000, 0.0000, 0.0000
20075,203110432.0000, 0.0000, 0.0000
20075,203088528.0000, 0.0000, 0.0000
20075,203064736.0000, 0.0000, 0.0000
20076,202925120.0000, 0.0000, 0.0000
20076,202904048.0000, 0.0000, 0.0000
20076,202881072.0000, 0.0000, 0.0000
20077,202745232.0000, 0.0000, 0.0000
20077,202724992.0000, 0.0000, 0.0000
20077,202702816.0000, 0.0000, 0.0000
20078,202570352.0000, 0.0000, 0.0000
20078,202551008.0000, 0.0000, 0.0000
20078,202529520.0000, 0.0000, 0.0000
20079,202463936.0000, 0.0000, 0.0000
20079,202393968.0000, 0.0000, 0.0000
20079,202210048.0000, 0.0000, 0.0000
20080,202106640.0000, 0.0000, 0.0000
20080,202227120.0000, 0.0000, 0.0000
20080,202234624.0000, 0.0000, 0.0000
20081,202073824.0000, 0.0000, 0.0000
20081,202056784.0000, 0.0000, 0.0000
20081,202038048.0000, 0.0000, 0.0000
20082,201922560.0000, 0.0000, 0.0000
20082,201906448.0000, 0.0000, 0.0000
20082,201888480.0000, 0.0000, 0.0000
20083,201777744.0000, 0.0000, 0.0000
20083,201762464.0000, 0.0000, 0.0000
20083,201745312.0000, 0.0000, 0.0000
20084,201638816.0000, 0.0000, 0.0000
20084,201624352.0000, 0.0000, 0.0000
20084,201608032.0000, 0.0000, 0.0000
20085,201505584.0000, 0.0000, 0.0000
20085,201491968.0000, 0.0000, 0.0000
20085,201476448.0000, 0.0000, 0.0000
20086,201377904.0000, 0.0000, 0.0000
20086,201365168.0000, 0.0000, 0.0000
20086,201350368.0000, 0.0000, 0.0000
20087,201285744.0000, 0.0000, 0.0000
20087,201249152.0000, 0.0000, 0.0000
20087,201162896.0000, 0.0000, 0.0000
20088,201087168.0000, 0.0000, 0.0000
20088,201131984.0000, 0.0000, 0.0000
20088,201127760.0000, 0.0000, 0.0000
20089,201028432.0000, 0.0000, 0.0000
20089,201018080.0000, 0.0000, 0.0000
20089,201005952.0000, 0.0000, 0.0000
20090,200926512.0000, 0.0000, 0.0000
20090,200917040.0000, 0.0000, 0.0000
20090,200905728.0000, 0.0000, 0.0000
20091,200831392.0000, 0.0000, 0.0000
20091,200822752.0000, 0.0000, 0.0000
20091,200812256.0000, 0.0000, 0.0000
20092,200742928.0000, 0.0000, 0.0000
20092,200735120.0000, 0.0000, 0.0000
20092,200725440.0000, 0.0000, 0.0000
20093,200661248.0000, 0.0000, 0.0000
20093,200654272.0000, 0.0000, 0.0000
20093,200645424.0000, 0.0000, 0.0000
20094,200586544.0000, 0.0000, 0.0000
20094,200580432.0000, 0.0000, 0.0000
20094,200572368.0000, 0.0000, 0.0000
20095,200527728.0000, 0.0000, 0.0000
20095,200515088.0000, 0.0000, 0.0000
20095,200490080.0000, 0.0000, 0.0000
20096,200450112.0000, 0.0000, 0.0000
20096,200455792.0000, 0.0000, 0.0000
20096,200449360.0000, 0.0000, 0.0000
20097,200407472.0000, 0.0000, 0.0000
20097,200403808.0000, 0.0000, 0.0000
20097,200398320.0000, 0.0000, 0.0000
20098,200364096.0000, 0.0000, 0.0000
20098,200361280.0000, 0.0000, 0.0000
20098,200356608.0000, 0.0000, 0.0000
20099,200328944.0000, 0.0000, 0.0000
20099,200326960.0000, 0.0000, 0.0000
20099,200323120.0000, 0.0000, 0.0000
20100,200302176.0000, 0.0000, 0.0000
20100,200301040.0000, 0.0000, 0.0000
20100,200298016.0000, 0.0000, 0.0000
20101,200283968.0000, 0.0000, 0.0000
20101,200283648.0000, 0.0000, 0.0000
20101,200281472.0000, 0.0000, 0.0000
20102,200274400.0000, 0.0000, 0.0000
20102,200274928.0000, 0.0000, 0.0000
20102,200273568.0000, 0.0000, 0.0000
20103,200273120.0000, 0.0000, 0.0000
20103,200274928.0000, 0.0000, 0.0000
20103,200274672.0000, 0.0000, 0.0000
20104,200280640.0000, 0.0000, 0.0000
20104,200283664.0000, 0.0000, 0.0000
20104,200284576.0000, 0.0000, 0.0000
20105,200298016.0000, 0.0000, 0.0000
20105,200301040.0000, 0.0000, 0.0000
20105,200302176.0000, 0.0000, 0.0000
20106,200323184.0000, 0.0000, 0.0000
20106,200327024.0000, 0.0000, 0.0000
20106,200329008.0000, 0.0000, 0.0000
20107,200356752.0000, 0.0000, 0.0000
20107,200361424.0000, 0.0000, 0.0000
20107,200364240.0000, 0.0000, 0.0000
20108,200398512.0000, 0.0000, 0.0000
20108,200404032.0000, 0.0000, 0.0000
20108,200407664.0000, 0.0000, 0.0000
20109,200448272.0000, 0.0000, 0.0000
20109,200454608.0000, 0.0000, 0.0000
20109,200459072.0000, 0.0000, 0.0000
20110,200505840.0000, 0.0000, 0.0000
20110,200512992.0000, 0.0000, 0.0000
20110,200518336.0000, 0.0000, 0.0000
20111,200574576.0000, 0.0000, 0.0000
20111,200581344.0000, 0.0000, 0.0000
20111,200569296.0000, 0.0000, 0.0000
20112,200619312.0000, 0.0000, 0.0000
20112,200656208.0000, 0.0000, 0.0000
20112,200673952.0000, 0.0000, 0.0000
20113,200725808.0000, 0.0000, 0.0000
20113,200735552.0000, 0.0000, 0.0000
20113,200743328.0000, 0.0000, 0.0000
20114,200813104.0000, 0.0000, 0.0000
20114,200823616.0000, 0.0000, 0.0000
20114,200832256.0000, 0.0000, 0.0000
20115,200906896.0000, 0.0000, 0.0000
20115,200918240.0000, 0.0000, 0.0000
20115,200927712.0000, 0.0000, 0.0000
20116,201007088.0000, 0.0000, 0.0000
20116,201019248.0000, 0.0000, 0.0000
20116,201029552.0000, 0.0000, 0.0000
20117,201113616.0000, 0.0000, 0.0000
20117,201126608.0000, 0.0000, 0.0000
20117,201137744.0000, 0.0000, 0.0000
20118,201226720.0000, 0.0000, 0.0000
20118,201240512.0000, 0.0000, 0.0000
20118,201252528.0000, 0.0000, 0.0000
20119,201366544.0000, 0.0000, 0.0000
20119,201368736.0000, 0.0000, 0.0000
20119,201308416.0000, 0.0000, 0.0000
20120,201391568.0000, 0.0000, 0.0000
20120,201498832.0000, 0.0000, 0.0000
20120,201542880.0000, 0.0000, 0.0000
20121,201609248.0000, 0.0000, 0.0000
20121,201625712.0000, 0.0000, 0.0000
20121,201640112.0000, 0.0000, 0.0000
20122,201747392.0000, 0.0000, 0.0000
20122,201764576.0000, 0.0000, 0.0000
20122,201779856.0000, 0.0000, 0.0000
20123,201890864.0000, 0.0000, 0.0000
20123,201908848.0000, 0.0000, 0.0000
20123,201924960.0000, 0.0000, 0.0000
20124,202039904.0000, 0.0000, 0.0000
20124,202058720.0000, 0.0000, 0.0000
20124,202075648.0000, 0.0000, 0.0000
20125,202194800.0000, 0.0000, 0.0000
20125,202214416.0000, 0.0000, 0.0000
20125,202232192.0000, 0.0000, 0.0000
20126,202356096.0000, 0.0000, 0.0000
20126,202376512.0000, 0.0000, 0.0000
20126,202395200.0000, 0.0000, 0.0000
20127,202572768.0000, 0.0000, 0.0000
20127,202560832.0000, 0.0000, 0.0000
20127,202415760.0000, 0.0000, 0.0000
20128,202525504.0000, 0.0000, 0.0000
20128,202739520.0000, 0.0000, 0.0000
20128,202819296.0000, 0.0000, 0.0000
20129,202882832.0000, 0.0000, 0.0000
20129,202906016.0000, 0.0000, 0.0000
20129,202926992.0000, 0.0000, 0.0000
20130,203067680.0000, 0.0000, 0.0000
20130,203091520.0000, 0.0000, 0.0000
20130,203113408.0000, 0.0000, 0.0000
20131,203257424.0000, 0.0000, 0.0000
20131,203282064.0000, 0.0000, 0.0000
20131,203304784.0000, 0.0000, 0.0000
20132,203452560.0000, 0.0000, 0.0000
20132,203478016.0000, 0.0000, 0.0000
20132,203501568.0000, 0.0000, 0.0000
20133,203653568.0000, 0.0000, 0.0000
20133,203679824.0000, 0.0000, 0.0000
20133,203704208.0000, 0.0000, 0.0000
20134,203861152.0000, 0.0000, 0.0000
20134,203888176.0000, 0.0000, 0.0000
20134,203913536.0000, 0.0000, 0.0000
20135,204165104.0000, 0.0000, 0.0000
20135,204129488.0000, 0.0000, 0.0000
20135,203863328.0000, 0.0000, 0.0000
20136,203997664.0000, 0.0000, 0.0000
20136,204354624.0000, 0.0000, 0.0000
20136,204479472.0000, 0.0000, 0.0000
20137,204526752.0000, 0.0000, 0.0000
20137,204556624.0000, 0.0000, 0.0000
20137,204584176.0000, 0.0000, 0.0000
20138,204757504.0000, 0.0000, 0.0000
20138,204787984.0000, 0.0000, 0.0000
20138,204816464.0000, 0.0000, 0.0000
20139,204992960.0000, 0.0000, 0.0000
20139,205024240.0000, 0.0000, 0.0000
20139,205053552.0000, 0.0000, 0.0000
20140,205233760.0000, 0.0000, 0.0000
20140,205265856.0000, 0.0000, 0.0000
20140,205295984.0000, 0.0000, 0.0000
20141,205480496.0000, 0.0000, 0.0000
20141,205513392.0000, 0.0000, 0.0000
20141,205544368.0000, 0.0000, 0.0000
20142,205733968.0000, 0.0000, 0.0000
20142,205767600.0000, 0.0000, 0.0000
20142,205799584.0000, 0.0000, 0.0000
20143,206137088.0000, 0.0000, 0.0000
20143,206068336.0000, 0.0000, 0.0000
20143,205644992.0000, 0.0000, 0.0000
20144,205803792.0000, 0.0000, 0.0000
20144,206339584.0000, 0.0000, 0.0000
20144,206518768.0000, 0.0000, 0.0000
20145,206536896.0000, 0.0000, 0.0000
20145,206573440.0000, 0.0000, 0.0000
20145,206607552.0000, 0.0000, 0.0000
20146,206812128.0000, 0.0000, 0.0000
20146,206849232.0000, 0.0000, 0.0000
20146,206884288.0000, 0.0000, 0.0000
20147,207091136.0000, 0.0000, 0.0000
20147,207128992.0000, 0.0000, 0.0000
20147,207164880.0000, 0.0000, 0.0000
20148,207374544.0000, 0.0000, 0.0000
20148,207413200.0000, 0.0000, 0.0000
20148,207449904.0000, 0.0000, 0.0000
20149,207662976.0000, 0.0000, 0.0000
20149,207702448.0000, 0.0000, 0.0000
20149,207739952.0000, 0.0000, 0.0000
20150,207957264.0000, 0.0000, 0.0000
20150,207997552.0000, 0.0000, 0.0000
20150,208035856.0000, 0.0000, 0.0000
20151,208258768.0000, 0.0000, 0.0000
20151,208299856.0000, 0.0000, 0.0000
20151,208339008.0000, 0.0000, 0.0000
20152,208569648.0000, 0.0000, 0.0000
20152,208611456.0000, 0.0000, 0.0000
20152,208651696.0000, 0.0000, 0.0000
20153,208892928.0000, 0.0000, 0.0000
20153,208935744.0000, 0.0000, 0.0000
20153,208976752.0000, 0.0000, 0.0000
20154,209213856.0000, 0.0000, 0.0000
20154,209288608.0000, 0.0000, 0.0000
20154,209171616.0000, 0.0000, 0.0000
20155,223462096.0000, 0.0000, 0.0000
20155,223561216.0000, 0.0000, 0.0000
20155,223478080.0000, 0.0000, 0.0000
20156,223469392.0000, 0.0000, 0.0000
20156,223439056.0000, 0.0000, 0.0000
20156,223404768.0000, 0.0000, 0.0000
20157,223385616.0000, 0.0000, 0.0000
20157,223352432.0000, 0.0000, 0.0000
20157,223319232.0000, 0.0000, 0.0000
20158,223299904.0000, 0.0000, 0.0000
20158,223266736.0000, 0.0000, 0.0000
20158,223233584.0000, 0.0000, 0.0000
20159,223214304.0000, 0.0000, 0.0000
20159,223181184.0000, 0.0000, 0.0000
20159,223148080.0000, 0.0000, 0.0000
20160,223128832.0000, 0.0000, 0.0000
20160,223095760.0000, 0.0000, 0.0000
20160,223062720.0000, 0.0000, 0.0000
20161,223043504.0000, 0.0000, 0.0000
20161,223010496.0000, 0.0000, 0.0000
20161,222977504.0000, 0.0000, 0.0000
20162,222958320.0000, 0.0000, 0.0000
20162,222925360.0000, 0.0000, 0.0000
20162,222892432.0000, 0.0000, 0.0000
20163,222873264.0000, 0.0000, 0.0000
20163,222840368.0000, 0.0000, 0.0000
20163,222807488.0000, 0.0000, 0.0000
20164,222788368.0000, 0.0000, 0.0000
20164,222755520.0000, 0.0000, 0.0000
20164,222722704.0000, 0.0000, 0.0000
20165,222703600.0000, 0.0000, 0.0000
20165,222670816.0000, 0.0000, 0.0000
20165,222638048.0000, 0.0000, 0.0000
20166,222618992.0000, 0.0000, 0.0000
20166,222586256.0000, 0.0000, 0.0000
20166,222553536.0000, 0.0000, 0.0000
20167,222534512.0000, 0.0000, 0.0000
20167,222501824.0000, 0.0000, 0.0000
20167,222469168.0000, 0.0000, 0.0000
20168,222450176.0000, 0.0000, 0.0000
20168,222417552.0000, 0.0000, 0.0000
20168,222384944.0000, 0.0000, 0.0000
20169,222365984.0000, 0.0000, 0.0000
20169,222333408.0000, 0.0000, 0.0000
20169,222300864.0000, 0.0000, 0.0000
20170,222281936.0000, 0.0000, 0.0000
20170,222249408.0000, 0.0000, 0.0000
20170,222216928.0000, 0.0000, 0.0000
20171,222198016.0000, 0.0000, 0.0000
20171,222165568.0000, 0.0000, 0.0000
20171,222133120.0000, 0.0000, 0.0000
20172,222114256.0000, 0.0000, 0.0000
20172,222081856.0000, 0.0000, 0.0000
20172,222049472.0000, 0.0000, 0.0000
20173,222030640.0000, 0.0000, 0.0000
20173,221998288.0000, 0.0000, 0.0000
20173,221965968.0000, 0.0000, 0.0000
20174,221947152.0000, 0.0000, 0.0000
20174,221914864.0000, 0.0000, 0.0000
20174,221882592.0000, 0.0000, 0.0000
20175,221863824.0000, 0.0000, 0.0000
20175,221831584.0000, 0.0000, 0.0000
20175,221799376.0000, 0.0000, 0.0000
20176,221780624.0000, 0.0000, 0.0000
20176,221748448.0000, 0.0000, 0.0000
20176,221716288.0000, 0.0000, 0.0000
20177,221697584.0000, 0.0000, 0.0000
20177,221665456.0000, 0.0000, 0.0000
20177,221633360.0000, 0.0000, 0.0000
20178,221614672.0000, 0.0000, 0.0000
20178,221582608.0000, 0.0000, 0.0000
20178,221550560.0000, 0.0000, 0.0000
20179,221531920.0000, 0.0000, 0.0000
20179,221499904.0000, 0.0000, 0.0000
20179,221467920.0000, 0.0000, 0.0000
20180,221449312.0000, 0.0000, 0.0000
20180,221417344.0000, 0.0000, 0.0000
20180,221385408.0000, 0.0000, 0.0000
20181,221366832.0000, 0.0000, 0.0000
20181,221334928.0000, 0.0000, 0.0000
20181,221303056.0000, 0.0000, 0.0000
20182,221284512.0000, 0.0000, 0.0000
20182,221252656.0000, 0.0000, 0.0000
20182,221220832.0000, 0.0000, 0.0000
20183,221202320.0000, 0.0000, 0.0000
20183,221170528.0000, 0.0000, 0.0000
20183,221138768.0000, 0.0000, 0.0000
20184,221120288.0000, 0.0000, 0.0000
20184,221088560.0000, 0.0000, 0.0000
20184,221056848.0000, 0.0000, 0.0000
20185,221038400.0000, 0.0000, 0.0000
20185,221006720.0000, 0.0000, 0.0000
20185,220975056.0000, 0.0000, 0.0000
20186,220956656.0000, 0.0000, 0.0000
20186,220925024.0000, 0.0000, 0.0000
20186,220893424.0000, 0.0000, 0.0000
20187,220875056.0000, 0.0000, 0.0000
20187,220843488.0000, 0.0000, 0.0000
20187,220811936.0000, 0.0000, 0.0000
20188,220793600.0000, 0.0000, 0.0000
20188,220762080.0000, 0.0000, 0.0000
20188,220730592.0000, 0.0000, 0.0000
20189,220712288.0000, 0.0000, 0.0000
20189,220680832.0000, 0.0000, 0.0000
20189,220649408.0000, 0.0000, 0.0000
20190,220631120.0000, 0.0000, 0.0000
20190,220599728.0000, 0.0000, 0.0000
20190,220568352.0000, 0.0000, 0.0000
20191,220550096.0000, 0.0000, 0.0000
20191,220518768.0000, 0.0000, 0.0000
20191,220487440.0000, 0.0000, 0.0000
20192,220469232.0000, 0.0000, 0.0000
20192,220437952.0000, 0.0000, 0.0000
20192,220406688.0000, 0.0000, 0.0000
20193,220388496.0000, 0.0000, 0.0000
20193,220357280.0000, 0.0000, 0.0000
20193,220326080.0000, 0.0000, 0.0000
20194,220307920.0000, 0.0000, 0.0000
20194,220276752.0000, 0.0000, 0.0000
20194,220245600.0000, 0.0000, 0.0000
20195,220227488.0000, 0.0000, 0.0000
20195,220196384.0000, 0.0000, 0.0000
20195,220165296.0000, 0.0000, 0.0000
20196,220147200.0000, 0.0000, 0.0000
20196,220116144.0000, 0.0000, 0.0000
20196,220085120.0000, 0.0000, 0.0000
20197,220067072.0000, 0.0000, 0.0000
20197,220036064.0000, 0.0000, 0.0000
20197,220005088.0000, 0.0000, 0.0000
20198,219987072.0000, 0.0000, 0.0000
20198,219956128.0000, 0.0000, 0.0000
20198,219925216.0000, 0.0000, 0.0000
20199,219907232.0000, 0.0000, 0.0000
20199,219876352.0000, 0.0000, 0.0000
20199,219845488.0000, 0.0000, 0.0000
20200,219827536.0000, 0.0000, 0.0000
20200,219796704.0000, 0.0000, 0.0000
20200,219765904.0000, 0.0000, 0.0000
20201,219747984.0000, 0.0000, 0.0000
20201,219717216.0000, 0.0000, 0.0000
20201,219686464.0000, 0.0000, 0.0000
20202,219668576.0000, 0.0000, 0.0000
20202,219637872.0000, 0.0000, 0.0000
20202,219607184.0000, 0.0000, 0.0000
20203,219589328.0000, 0.0000, 0.0000
20203,219558672.0000, 0.0000, 0.0000
20203,219528048.0000, 0.0000, 0.0000
20204,219510224.0000, 0.0000, 0.0000
20204,219479632.0000, 0.0000, 0.0000
20204,219449056.0000, 0.0000, 0.0000
80001,848116.1875, -0.0000, 0.0000
80002,808426.6250, 0.0000, -0.0000
80003,782683.8125, 0.0000, -0.0000
80004,768190.8750, 0.0000, -0.0000
80005,761401.8125, 0.0001, -0.0000
80006,759417.9375, 0.0001, -0.0000
80007,760200.6875, 0.0002, -0.0000
80008,762537.2500, 0.0003, -0.0000
80009,765983.4375, 0.0003, -0.0001
80010,770815.4375, 0.0005, -0.0001
80011,777823.6875, 0.0006, -0.0001
80012,786350.0625, 0.0007, -0.0001
80013,807211.3125, 0.0002, -0.0001
80014,793962.2500, 0.0013, -0.0001
80015,779554.5000, 0.0016, -0.0001
80016,773459.5000, 0.0018, -0.0001
80017,771526.2500, 0.0021, -0.0001
80018,772663.5625, 0.0025, -0.0001
80019,776864.7500, 0.0029, -0.0001
80020,782721.8750, 0.0034, -0.0001
80021,803497.4375, 0.0011, -0.0004
80022,791327.7500, 0.0050, -0.0001
80023,777423.3750, 0.0056, -0.0001
80024,772623.2500, 0.0064, -0.0001
80025,771721.3125, 0.0072, -0.0001
80026,773426.5000, 0.0081, -0.0001
80027,777926.3750, 0.0092, -0.0001
80028,783996.0625, 0.0105, -0.0001
80029,807852.0625, 0.0036, -0.0007
80030,792621.7500, 0.0147, -0.0001
80031,777877.5000, 0.0163, -0.0001
80032,774178.3125, 0.0181, -0.0001
80033,774486.4375, 0.0200, -0.0000
80034,776912.6875, 0.0220, 0.0000
80035,781371.2500, 0.0242, 0.0001
80036,786301.2500, 0.0269, 0.0002
80037,808284.2500, 0.0097, -0.0010
80038,792947.6875, 0.0356, 0.0002
80039,780708.5625, 0.0380, 0.0002
80040,779623.2500, 0.0401, 0.0002
80041,781604.3125, 0.0419, 0.0003
80042,784601.6250, 0.0432, 0.0004
80043,788059.3125, 0.0437, 0.0005
80044,789696.2500, 0.0441, 0.0005
80045,798623.1250, 0.0159, -0.0006
80046,791105.6875, 0.0471, 0.0002
80047,785497.3750, 0.0423, 0.0001
80048,785880.2500, 0.0357, 0.0001
80049,787041.3125, 0.0274, 0.0001
80050,787956.3750, 0.0177, 0.0001
80051,788528.5000, 0.0070, 0.0000
80052,789367.3125, -0.0037, -0.0000
80053,789649.0625, -0.0037, -0.0000
80054,789498.3125, -0.0161, 0.0001
80055,789300.0625, -0.0250, 0.0002
80056,788039.3750, -0.0332, 0.0002
80057,786380.0000, -0.0398, 0.0002
80058,784688.1250, -0.0447, 0.0002
80059,784381.2500, -0.0479, 0.0002
80060,791873.6875, -0.0495, 0.0002
80061,802159.5000, -0.0156, -0.0008
80062,789076.7500, -0.0425, 0.0005
80063,786463.3125, -0.0405, 0.0004
80064,782560.0000, -0.0387, 0.0003
80065,779550.5625, -0.0366, 0.0002
80066,777889.3125, -0.0342, 0.0001
80067,779682.0000, -0.0318, 0.0001
80068,792974.3125, -0.0294, 0.0001
80069,808846.5625, -0.0078, -0.0010
80070,785510.0000, -0.0218, 0.0001
80071,780101.1250, -0.0194, 0.0000
80072,775596.8125, -0.0175, -0.0000
80073,773402.7500, -0.0157, -0.0001
80074,773504.8750, -0.0141, -0.0001
80075,777654.0625, -0.0127, -0.0001
80076,792425.9375, -0.0114, -0.0001
80077,807024.1250, -0.0027, -0.0006
80078,783753.6250, -0.0080, -0.0001
80079,777688.2500, -0.0070, -0.0001
80080,773265.6250, -0.0062, -0.0001
80081,771710.4375, -0.0054, -0.0001
80082,772823.0625, -0.0048, -0.0001
80083,777758.3750, -0.0042, -0.0001
80084,791307.2500, -0.0037, -0.0001
80085,802767.5000, -0.0007, -0.0003
80086,783052.6875, -0.0025, -0.0001
80087,777402.6250, -0.0021, -0.0001
80088,773229.4375, -0.0018, -0.0001
80089,771885.4375, -0.0015, -0.0001
80090,773258.3750, -0.0013, -0.0001
80091,778169.6250, -0.0011, -0.0001
80092,790237.7500, -0.0009, -0.0001
80093,799984.4375, -0.0001, -0.0001
80094,780578.1250, -0.0005, -0.0001
80095,772338.2500, -0.0003, -0.0000
80096,765300.0000, -0.0003, -0.0000
80097,760785.4375, -0.0002, -0.0000
80098,758875.6250, -0.0001, -0.0000
80099,760339.9375, -0.0001, -0.0000
80100,766898.5625, -0.0000, -0.0000
80101,781237.9375, -0.0000, -0.0000
80102,806763.6250, -0.0000, -0.0000
80103,846091.5625, 0.0000, 0.0000
90001,848116.3125, -0.0000, -0.0000
90002,808426.7500, 0.0000, 0.0000
90003,782683.8750, 0.0000, 0.0000
90004,768190.9375, 0.0000, 0.0000
90005,761401.8750, 0.0001, 0.0000
90006,759417.9375, 0.0001, 0.0000
90007,760200.7500, 0.0002, 0.0000
90008,762537.2500, 0.0003, 0.0000
90009,765983.4375, 0.0003, 0.0001
90010,770815.4375, 0.0005, 0.0001
90011,777823.6250, 0.0006, 0.0001
90012,786350.0000, 0.0007, 0.0001
90013,807211.2500, 0.0002, 0.0001
90014,793962.1250, 0.0013, 0.0001
90015,779554.4375, 0.0016, 0.0001
90016,773459.4375, 0.0018, 0.0001
90017,771526.1875, 0.0021, 0.0001
90018,772663.5625, 0.0025, 0.0001
90019,776864.6875, 0.0029, 0.0001
90020,782721.8750, 0.0034, 0.0001
90021,803497.4375, 0.0011, 0.0004
90022,791327.6875, 0.0050, 0.0001
90023,777423.3750, 0.0056, 0.0001
90024,772623.2500, 0.0064, 0.0001
90025,771721.3125, 0.0072, 0.0001
90026,773426.5000, 0.0081, 0.0001
90027,777926.3750, 0.0092, 0.0001
90028,783996.0625, 0.0105, 0.0001
90029,807852.0000, 0.0036, 0.0007
90030,792621.7500, 0.0147, 0.0001
90031,777877.5000, 0.0163, 0.0001
90032,774178.3125, 0.0181, 0.0001
90033,774486.4375, 0.0200, 0.0000
90034,776912.6875, 0.0220, -0.0000
90035,781371.2500, 0.0242, -0.0001
90036,786301.2500, 0.0270, -0.0002
90037,808284.2500, 0.0097, 0.0010
90038,792947.6250, 0.0356, -0.0002
90039,780708.5625, 0.0380, -0.0002
90040,779623.1875, 0.0401, -0.0002
90041,781604.2500, 0.0419, -0.0003
90042,784601.6250, 0.0432, -0.0004
90043,788059.3125, 0.0437, -0.0005
90044,789696.2500, 0.0441, -0.0005
90045,798623.1250, 0.0159, 0.0006
90046,791105.6875, 0.0471, -0.0002
90047,785497.3750, 0.0423, -0.0001
90048,785880.2500, 0.0357, -0.0001
90049,787041.3125, 0.0274, -0.0001
90050,787956.3750, 0.0177, -0.0001
90051,788528.5000, 0.0070, -0.0000
90052,789367.3750, -0.0037, 0.0000
90053,789649.0625, -0.0037, 0.0000
90054,789498.2500, -0.0161, -0.0001
90055,789300.0625, -0.0250, -0.0002
90056,788039.3750, -0.0332, -0.0002
90057,786380.0000, -0.0398, -0.0002
90058,784688.1250, -0.0447, -0.0002
90059,784381.2500, -0.0478, -0.0002
90060,791873.6875, -0.0495, -0.0002
90061,802159.5000, -0.0156, 0.0008
90062,789076.7500, -0.0425, -0.0005
90063,786463.3125, -0.0405, -0.0004
90064,782560.0000, -0.0387, -0.0003
90065,779550.5625, -0.0366, -0.0002
90066,777889.3125, -0.0342, -0.0001
90067,779682.0000, -0.0318, -0.0001
90068,792974.3125, -0.0294, -0.0001
90069,808846.5625, -0.0078, 0.0010
90070,785509.9375, -0.0218, -0.0001
90071,780101.0625, -0.0194, -0.0000
90072,775596.8125, -0.0175, 0.0000
90073,773402.7500, -0.0157, 0.0001
90074,773504.8750, -0.0141, 0.0001
90075,777654.0625, -0.0127, 0.0001
90076,792425.9375, -0.0114, 0.0001
90077,807024.1875, -0.0027, 0.0006
90078,783753.6250, -0.0080, 0.0001
90079,777688.2500, -0.0070, 0.0001
90080,773265.6250, -0.0062, 0.0001
90081,771710.4375, -0.0054, 0.0001
90082,772823.0625, -0.0048, 0.0001
90083,777758.3750, -0.0042, 0.0001
90084,791307.3125, -0.0037, 0.0001
90085,802767.5625, -0.0007, 0.0003
90086,783052.7500, -0.0025, 0.0001
90087,777402.6250, -0.0021, 0.0001
90088,773229.4375, -0.0018, 0.0001
90089,771885.4375, -0.0015, 0.0001
90090,773258.4375, -0.0013, 0.0001
90091,778169.6875, -0.0011, 0.0001
90092,790237.8750, -0.0009, 0.0001
90093,799984.5625, -0.0001, 0.0001
90094,780578.2500, -0.0005, 0.0001
90095,772338.3125, -0.0003, 0.0000
90096,765300.0000, -0.0003, 0.0000
90097,760785.4375, -0.0002, 0.0000
90098,758875.6250, -0.0001, 0.0000
90099,760339.8750, -0.0001, 0.0000
90100,766898.5000, -0.0000, 0.0000
90101,781237.8750, -0.0000, 0.0000
90102,806763.4375, -0.0000, 0.0000
90103,846091.3750, 0.0000, -0.0000
100001,-225534384.0000, 89455.5547, 1308747.0000
100002,-222422768.0000, 84389.7734, 990276.4375
100003,-219464448.0000, 78541.6406, 686717.3125
100004,-216659408.0000, 71723.0859, 398180.0938
100005,-214007648.0000, 63689.3672, 124415.8750
100006,-211509168.0000, 54117.7070, -133025.5469
100007,-209163968.0000, 42576.0586, -374980.4688
100008,-206972048.0000, 28476.4492, -600333.1250
100009,-204933424.0000, 11003.7197, -807980.0000
100010,-202986336.0000, -8443.8105, -1003183.9375
100011,-201069008.0000, -27973.0059, -1191907.1250
100012,-199181408.0000, -47525.9023, -1373522.1250
100013,-193967632.0000, -64612.8477, 1973478.5000
100014,-192138992.0000, -83747.3906, 1803502.1250
100015,-190339952.0000, -102727.6094, 1631019.7500
100016,-188570480.0000, -121489.7422, 1455512.6250
100017,-186830464.0000, -139968.1250, 1277987.8750
100018,-185119872.0000, -158095.2031, 1099070.3750
100019,-183438608.0000, -175801.5781, 919384.3750
100020,-181786640.0000, -193016.0625, 739552.3750
100021,-180163872.0000, -209665.6562, 560194.3125
100022,-178570272.0000, -225675.6719, 381926.7812
100023,-177005776.0000, -240969.7656, 205011.6562
100024,-175470336.0000, -255470.0781, 31111.9590
100025,-173963888.0000, -269097.2500, -140223.3281
100026,-172486400.0000, -281770.5938, -308044.8750
100027,-171037808.0000, -293408.2188, -471759.7188
100028,-169618080.0000, -303927.2500, -630780.8125
100029,-168227168.0000, -313243.9062, -784526.8750
100030,-166865024.0000, -321273.8750, -932423.1250
100031,-165531648.0000, -327932.4688, -1073900.0000
100032,-164226960.0000, -333134.9688, -1208721.7500
100033,-162950944.0000, -336797.0312, -1335354.1250
100034,-161703552.0000, -338834.9688, -1454226.1250
100035,-160484784.0000, -339166.4688, -1564469.0000
100036,-159294576.0000, -337710.9375, -1665546.5000
101001,-3836039.0000, 2966922.7500, 2268.7803
101002,-3836488.5000, 1477346.5000, 1130.9213
101003,-3836488.5000, -1477346.5000, -1130.9170
101004,-3836039.0000, -2966922.7500, -2268.8354
101101,2103899.5000, 37548.3672, 100.7226
101102,2103900.0000, 12516.0752, 33.5055
101103,2103900.0000, -12516.2637, -33.6171
101104,2103899.5000, -37548.5664, -100.8345
110001,-225534384.0000, 89455.5625, -1308747.0000
110002,-222422768.0000, 84389.7812, -990276.4375
110003,-219464448.0000, 78541.6484, -686717.3125
110004,-216659408.0000, 71723.0938, -398180.0938
110005,-214007648.0000, 63689.3750, -124415.8750
110006,-211509168.0000, 54117.7148, 133025.5469
110007,-209163968.0000, 42576.0664, 374980.4688
110008,-206972048.0000, 28476.4551, 600333.1250
110009,-204933424.0000, 11003.7246, 807980.0000
110010,-202986336.0000, -8443.8027, 1003183.9375
110011,-201069008.0000, -27973.0000, 1191907.1250
110012,-199181408.0000, -47525.8984, 1373522.1250
110013,-193967632.0000, -64612.8516, -1973478.5000
110014,-192138992.0000, -83747.3906, -1803502.1250
110015,-190339952.0000, -102727.6094, -1631019.7500
110016,-188570480.0000, -121489.7422, -1455512.6250
110017,-186830464.0000, -139968.1250, -1277987.8750
110018,-185119872.0000, -158095.1875, -1099070.3750
110019,-183438608.0000, -175801.5781, -919384.3750
110020,-181786640.0000, -193016.0625, -739552.3750
110021,-180163872.0000, -209665.6562, -560194.3125
110022,-178570272.0000, -225675.6719, -381926.7812
110023,-177005776.0000, -240969.7656, -205011.6406
110024,-175470336.0000, -255470.0781, -31111.9551
110025,-173963888.0000, -269097.2500, 140223.3281
110026,-172486400.0000, -281770.5625, 308044.8750
110027,-171037808.0000, -293408.2188, 471759.7188
110028,-169618080.0000, -303927.2500, 630780.8125
110029,-168227168.0000, -313243.9062, 784526.8750
110030,-166865024.0000, -321273.8750, 932423.1250
110031,-165531648.0000, -327932.4688, 1073900.0000
110032,-164226960.0000, -333134.9688, 1208721.7500
110033,-162950944.0000, -336797.0312, 1335354.1250
110034,-161703552.0000, -338834.9688, 1454226.1250
110035,-160484784.0000, -339166.4688, 1564469.0000
110036,-159294576.0000, -337710.9375, 1665546.5000
200001,-225534288.0000, -89455.4531, 1308747.0000
200002,-222422672.0000, -84389.6719, 990276.3750
200003,-219464352.0000, -78541.5391, 686717.2500
200004,-216659312.0000, -71722.9844, 398180.0312
200005,-214007552.0000, -63689.2734, 124415.8203
200006,-211509072.0000, -54117.6172, -133025.6094
200007,-209163872.0000, -42575.9688, -374980.5312
200008,-206971968.0000, -28476.3730, -600333.1875
200009,-204933344.0000, -11003.6494, -807980.0625
200010,-202986256.0000, 8443.8711, -1003184.0000
200011,-201068928.0000, 27973.0566, -1191907.2500
200012,-199181312.0000, 47525.9453, -1373522.1250
200013,-193967536.0000, 64612.9727, 1973478.3750
200014,-192138896.0000, 83747.5078, 1803502.0000
200015,-190339872.0000, 102727.7109, 1631019.7500
200016,-188570384.0000, 121489.8359, 1455512.6250
200017,-186830384.0000, 139968.1875, 1277987.8750
200018,-185119776.0000, 158095.2656, 1099070.3750
200019,-183438528.0000, 175801.6406, 919384.3125
200020,-181786544.0000, 193016.0938, 739552.3750
200021,-180163792.0000, 209665.6875, 560194.3125
200022,-178570192.0000, 225675.6875, 381926.7500
200023,-177005696.0000, 240969.7656, 205011.6250
200024,-175470240.0000, 255470.0625, 31111.9453
200025,-173963808.0000, 269097.2188, -140223.3281
200026,-172486304.0000, 281770.5312, -308044.8750
200027,-171037728.0000, 293408.1562, -471759.7188
200028,-169617984.0000, 303927.1875, -630780.7500
200029,-168227072.0000, 313243.8438, -784526.8750
200030,-166864944.0000, 321273.7812, -932423.0625
200031,-165531552.0000, 327932.3750, -1073900.0000
200032,-164226864.0000, 333134.8750, -1208721.6250
200033,-162950848.0000, 336796.9062, -1335354.1250
200034,-161703472.0000, 338834.8750, -1454226.1250
200035,-160484688.0000, 339166.3750, -1564469.0000
200036,-159294480.0000, 337710.8438, -1665546.5000
201001,-3836039.0000, 2966922.2500, -2268.6489
201002,-3836488.5000, 1477346.5000, -1130.8978
201003,-3836488.5000, -1477346.5000, 1130.8972
201004,-3836039.0000, -2966922.2500, 2268.8635
201101,2103929.5000, 37548.4805, -100.6989
201102,2103930.0000, 12516.1582, -33.6226
201103,2103930.0000, -12516.1514, 33.5492
201104,2103929.5000, -37548.4727, 100.8159
210001,-225534288.0000, -89455.4531, -1308747.0000
210002,-222422672.0000, -84389.6719, -990276.3750
210003,-219464352.0000, -78541.5391, -686717.2500
210004,-216659312.0000, -71722.9844, -398180.0312
210005,-214007552.0000, -63689.2695, -124415.8203
210006,-211509072.0000, -54117.6133, 133025.6094
210007,-209163872.0000, -42575.9727, 374980.5312
210008,-206971968.0000, -28476.3672, 600333.1875
210009,-204933344.0000, -11003.6426, 807980.0625
210010,-202986256.0000, 8443.8740, 1003184.0000
210011,-201068928.0000, 27973.0625, 1191907.2500
210012,-199181312.0000, 47525.9453, 1373522.1250
210013,-193967536.0000, 64612.9727, -1973478.3750
210014,-192138896.0000, 83747.5078, -1803502.0000
210015,-190339872.0000, 102727.7109, -1631019.7500
210016,-188570384.0000, 121489.8359, -1455512.6250
210017,-186830384.0000, 139968.1875, -1277987.8750
210018,-185119776.0000, 158095.2656, -1099070.3750
210019,-183438528.0000, 175801.6406, -919384.3125
210020,-181786544.0000, 193016.1094, -739552.3750
210021,-180163792.0000, 209665.6875, -560194.3125
210022,-178570192.0000, 225675.6875, -381926.7500
210023,-177005696.0000, 240969.7812, -205011.6250
210024,-175470240.0000, 255470.0625, -31111.9453
210025,-173963808.0000, 269097.2188, 140223.3281
210026,-172486304.0000, 281770.5312, 308044.8750
210027,-171037728.0000, 293408.1562, 471759.7188
210028,-169617984.0000, 303927.1875, 630780.7500
210029,-168227072.0000, 313243.8438, 784526.8750
210030,-166864944.0000, 321273.7812, 932423.0625
210031,-165531552.0000, 327932.3750, 1073900.0000
210032,-164226864.0000, 333134.8750, 1208721.6250
210033,-162950848.0000, 336796.9062, 1335354.1250
210034,-161703472.0000, 338834.8750, 1454226.1250
210035,-160484688.0000, 339166.3750, 1564469.0000
210036,-159294480.0000, 337710.8438, 1665546.5000
400009,0.8123, 0.0000, -0.0000
400010,0.8182, -0.0000, 0.0000
401009,1.1489, 0.0000, -0.0000
401010,1.1293, -0.0000, 0.0000
910001,0.0000, 0.0000, 0.0000
910002,0.0000, 0.0000, 0.0000
910003,0.0000, 0.0000, 0.0000
910004,0.0000, 0.0000, 0.0000
910005,0.0000, 0.0000, 0.0000
910006,0.0000, 0.0000, 0.0000
910007,0.0000, 0.0000, 0.0000
910008,0.0000, 0.0000, 0.0000
910009,0.0000, 0.0000, 0.0000
910010,0.0000, 0.0000, 0.0000
910011,0.0000, 0.0000, 0.0000
910012,0.0000, 0.0000, 0.0000
910013,0.0000, 0.0000, 0.0000
910014,0.0000, 0.0000, 0.0000
910015,0.0000, 0.0000, 0.0000
910016,0.0000, 0.0000, 0.0000
910017,0.0000, 0.0000, 0.0000
910018,0.0000, 0.0000, 0.0000
910019,0.0000, 0.0000, 0.0000
910020,0.0000, 0.0000, 0.0000
910021,0.0000, 0.0000, 0.0000
910022,-0.0000, -0.0000, 0.0000
910023,-0.0000, -0.0000, 0.0000
910024,-0.0000, -0.0000, 0.0000
910025,-0.0000, -0.0000, 0.0000
910026,0.0000, 0.0000, 0.0000
910027,0.0000, 0.0000, 0.0000
910028,0.0000, 0.0000, 0.0000
910029,0.0000, 0.0000, 0.0000
910030,-0.0000, -0.0000, 0.0000
910031,-0.0000, -0.0000, 0.0000
910032,-0.0000, -0.0000, 0.0000
910033,-0.0000, -0.0000, 0.0000
910034,0.0000, 0.0000, 0.0000
910035,0.0000, 0.0000, 0.0000
910036,0.0000, 0.0000, 0.0000
910037,0.0000, 0.0000, 0.0000
910038,-0.0000, -0.0000, 0.0000
910039,-0.0000, -0.0000, 0.0000
910040,-0.0000, -0.0000, 0.0000
910041,-0.0000, -0.0000, 0.0000
910042,-0.0000, -0.0000, 0.0000
910043,0.0000, 0.0000, 0.0000
910044,0.0000, 0.0000, 0.0000
910045,0.0000, 0.0000, 0.0000
910046,-0.0000, -0.0000, 0.0000
910047,-0.0000, -0.0000, 0.0000
910048,-0.0000, -0.0000, 0.0000
910049,-0.0000, -0.0000, 0.0000
910050,-0.0000, -0.0000, 0.0000
910051,-0.0000, -0.0000, 0.0000
910052,0.0000, 0.0000, 0.0000
910053,0.0000, 0.0000, 0.0000
910054,0.0000, 0.0000, 0.0000
910055,0.0000, 0.0000, 0.0000
910056,0.0000, 0.0000, 0.0000
910057,-0.0000, -0.0000, 0.0000
910058,-0.0000, -0.0000, 0.0000
910059,-0.0000, -0.0000, 0.0000
910060,-0.0000, -0.0000, 0.0000
910061,-0.0000, -0.0000, 0.0000
910062,0.0000, 0.0000, 0.0000
910063,0.0000, 0.0000, 0.0000
910064,0.0000, 0.0000, 0.0000
910065,-0.0000, -0.0000, 0.0000
910066,-0.0000, -0.0000, 0.0000
910067,-0.0000, -0.0000, 0.0000
910068,-0.0000, -0.0000, 0.0000
910069,-0.0000, -0.0000, 0.0000
910070,0.0000, 0.0000, 0.0000
910071,0.0000, 0.0000, 0.0000
910072,0.0000, 0.0000, 0.0000
910073,0.0000, 0.0000, 0.0000
910074,-0.0000, -0.0000, 0.0000
910075,-0.0000, -0.0000, 0.0000
910076,-0.0000, -0.0000, 0.0000
910077,-0.0000, -0.0000, 0.0000
910078,0.0000, 0.0000, 0.0000
910079,0.0000, 0.0000, 0.0000
910080,0.0000, 0.0000, 0.0000
910081,0.0000, 0.0000, 0.0000
910082,-0.0000, -0.0000, 0.0000
910083,-0.0000, -0.0000, 0.0000
910084,-0.0000, -0.0000, 0.0000
910085,-0.0000, -0.0000, 0.0000
910086,0.0000, 0.0000, 0.0000
910087,0.0000, 0.0000, 0.0000
910088,0.0000, 0.0000, 0.0000
910089,0.0000, 0.0000, 0.0000
910090,0.0000, 0.0000, 0.0000
910091,0.0000, 0.0000, 0.0000
910092,0.0000, 0.0000, 0.0000
910093,0.0000, 0.0000, 0.0000
910094,0.0000, 0.0000, 0.0000
910095,0.0000, 0.0000, 0.0000
910096,0.0000, 0.0000, 0.0000
910097,0.0000, 0.0000, 0.0000
910098,0.0000, 0.0000, 0.0000
910099,0.0000, 0.0000, 0.0000
910100,0.0000, 0.0000, 0.0000
910101,0.0000, 0.0000, 0.0000
910102,0.0000, 0.0000, 0.0000
910103,0.0000, 0.0000, 0.0000
910104,0.0000, 0.0000, 0.0000
920001,0.0000, 0.0000, 0.0000
920002,0.0000, 0.0000, 0.0000
920003,0.0000, 0.0000, 0.0000
920004,0.0000, 0.0000, 0.0000
920005,0.0000, 0.0000, 0.0000
920006,0.0000, 0.0000, 0.0000
920007,0.0000, 0.0000, 0.0000
920008,0.0000, 0.0000, 0.0000
920009,0.0000, 0.0000, 0.0000
920010,0.0000, 0.0000, 0.0000
920011,0.0000, 0.0000, 0.0000
920012,0.0000, 0.0000, 0.0000
920013,0.0000, 0.0000, 0.0000
920014,0.0000, 0.0000, 0.0000
920015,0.0000, 0.0000, 0.0000
920016,0.0000, 0.0000, 0.0000
920017,0.0000, 0.0000, 0.0000
920018,0.0000, 0.0000, 0.0000
920019,0.0000, 0.0000, 0.0000
920020,0.0000, 0.0000, 0.0000
920021,0.0000, 0.0000, 0.0000
920022,-0.0000, -0.0000, 0.0000
920023,-0.0000, -0.0000, 0.0000
920024,-0.0000, -0.0000, 0.0000
920025,-0.0000, -0.0000, 0.0000
920026,0.0000, 0.0000, 0.0000
920027,0.0000, 0.0000, 0.0000
920028,0.0000, 0.0000, 0.0000
920029,0.0000, 0.0000, 0.0000
920030,-0.0000, -0.0000, 0.0000
920031,-0.0000, -0.0000, 0.0000
920032,-0.0000, -0.0000, 0.0000
920033,-0.0000, -0.0000, 0.0000
920034,0.0000, 0.0000, 0.0000
920035,0.0000, 0.0000, 0.0000
920036,0.0000, 0.0000, 0.0000
920037,0.0000, 0.0000, 0.0000
920038,-0.0000, -0.0000, 0.0000
920039,-0.0000, -0.0000, 0.0000
920040,-0.0000, -0.0000, 0.0000
920041,-0.0000, -0.0000, 0.0000
920042,-0.0000, -0.0000, 0.0000
920043,0.0000, 0.0000, 0.0000
920044,0.0000, 0.0000, 0.0000
920045,0.0000, 0.0000, 0.0000
920046,-0.0000, -0.0000, 0.0000
920047,-0.0000, -0.0000, 0.0000
920048,-0.0000, -0.0000, 0.0000
920049,-0.0000, -0.0000, 0.0000
920050,-0.0000, -0.0000, 0.0000
920051,-0.0000, -0.0000, 0.0000
920052,0.0000, 0.0000, 0.0000
920053,0.0000, 0.0000, 0.0000
920054,0.0000, 0.0000, 0.0000
920055,0.0000, 0.0000, 0.0000
920056,0.0000, 0.0000, 0.0000
920057,-0.0000, -0.0000, 0.0000
920058,-0.0000, -0.0000, 0.0000
920059,-0.0000, -0.0000, 0.0000
920060,-0.0000, -0.0000, 0.0000
920061,-0.0000, -0.0000, 0.0000
920062,0.0000, 0.0000, 0.0000
920063,0.0000, 0.0000, 0.0000
920064,0.0000, 0.0000, 0.0000
920065,-0.0000, -0.0000, 0.0000
920066,-0.0000, -0.0000, 0.0000
920067,-0.0000, -0.0000, 0.0000
920068,-0.0000, -0.0000, 0.0000
920069,-0.0000, -0.0000, 0.0000
920070,0.0000, 0.0000, 0.0000
920071,0.0000, 0.0000, 0.0000
920072,0.0000, 0.0000, 0.0000
920073,0.0000, 0.0000, 0.0000
920074,-0.0000, -0.0000, 0.0000
920075,-0.0000, -0.0000, 0.0000
920076,-0.0000, -0.0000, 0.0000
920077,-0.0000, -0.0000, 0.0000
920078,0.0000, 0.0000, 0.0000
920079,0.0000, 0.0000, 0.0000
920080,0.0000, 0.0000, 0.0000
920081,0.0000, 0.0000, 0.0000
920082,-0.0000, -0.0000, 0.0000
920083,-0.0000, -0.0000, 0.0000
920084,-0.0000, -0.0000, 0.0000
920085,-0.0000, -0.0000, 0.0000
920086,0.0000, 0.0000, 0.0000
920087,0.0000, 0.0000, 0.0000
920088,0.0000, 0.0000, 0.0000
920089,0.0000, 0.0000, 0.0000
920090,0.0000, 0.0000, 0.0000
920091,0.0000, 0.0000, 0.0000
920092,0.0000, 0.0000, 0.0000
920093,0.0000, 0.0000, 0.0000
920094,0.0000, 0.0000, 0.0000
920095,0.0000, 0.0000, 0.0000
920096,0.0000, 0.0000, 0.0000
920097,0.0000, 0.0000, 0.0000
920098,0.0000, 0.0000, 0.0000
920099,0.0000, 0.0000, 0.0000
920100,0.0000, 0.0000, 0.0000
920101,0.0000, 0.0000, 0.0000
920102,0.0000, 0.0000, 0.0000
920103,0.0000, 0.0000, 0.0000
920104,0.0000, 0.0000, 0.0000
